-- MySQL dump 10.13  Distrib 8.0.26, for Win64 (x86_64)
--
-- Host: 127.0.0.1    Database: worldgeopedia
-- ------------------------------------------------------
-- Server version	8.0.26

/*!40101 SET @OLD_CHARACTER_SET_CLIENT=@@CHARACTER_SET_CLIENT */;
/*!40101 SET @OLD_CHARACTER_SET_RESULTS=@@CHARACTER_SET_RESULTS */;
/*!40101 SET @OLD_COLLATION_CONNECTION=@@COLLATION_CONNECTION */;
/*!50503 SET NAMES utf8 */;
/*!40103 SET @OLD_TIME_ZONE=@@TIME_ZONE */;
/*!40103 SET TIME_ZONE='+00:00' */;
/*!40014 SET @OLD_UNIQUE_CHECKS=@@UNIQUE_CHECKS, UNIQUE_CHECKS=0 */;
/*!40014 SET @OLD_FOREIGN_KEY_CHECKS=@@FOREIGN_KEY_CHECKS, FOREIGN_KEY_CHECKS=0 */;
/*!40101 SET @OLD_SQL_MODE=@@SQL_MODE, SQL_MODE='NO_AUTO_VALUE_ON_ZERO' */;
/*!40111 SET @OLD_SQL_NOTES=@@SQL_NOTES, SQL_NOTES=0 */;

--
-- Table structure for table `capitalcity`
--

DROP TABLE IF EXISTS `capitalcity`;
/*!40101 SET @saved_cs_client     = @@character_set_client */;
/*!50503 SET character_set_client = utf8mb4 */;
CREATE TABLE `capitalcity` (
  `CountryName` varchar(50) NOT NULL,
  `Coordinates` varchar(50) DEFAULT NULL,
  `CapitalCityName` varchar(50) DEFAULT NULL,
  `Governor` varchar(50) DEFAULT NULL,
  `Population` int DEFAULT NULL,
  `Area` float DEFAULT NULL,
  PRIMARY KEY (`CountryName`),
  CONSTRAINT `capitalcity_ibfk_1` FOREIGN KEY (`CountryName`) REFERENCES `country` (`CountryName`) ON DELETE CASCADE ON UPDATE CASCADE
) ENGINE=InnoDB DEFAULT CHARSET=utf8mb4 COLLATE=utf8mb4_0900_ai_ci;
/*!40101 SET character_set_client = @saved_cs_client */;

--
-- Dumping data for table `capitalcity`
--

LOCK TABLES `capitalcity` WRITE;
/*!40000 ALTER TABLE `capitalcity` DISABLE KEYS */;
INSERT INTO `capitalcity` VALUES ('Abkhazia','41°00′55″E43°00′12″N','Sukhumi','Beslan Eshba',65439,27),('Afghanistan','69°10′42″E34°31′31″N','Kabul','Hamdullah Nomani',4601789,1028.24),('Akrotiri and Dhekelia',NULL,'Episkopi Cantonment','Null',NULL,NULL),('Åland Islands','019°56′E60°06′N','Mariehamn','Barbara Heinonen',11718,20.75),('Albania','19°49′04″E41°19′44″N','Tirana','Erion Veliaj',557422,1110.03),('Algeria','3°3′32″E36°45′14″N','Algiers','Abdelkader Seyouda ',3915811,363),('American Samoa','170°42′02″W14°16′46″S','Pago Pago','Null',3656,NULL),('Andorra','01°30′E42°30′N','Andorra la Vella','Null',22256,12),('Angola','13°14′4″E8°50′18″S','Luanda','Null',2571861,116),('Anguilla','63°03′06″W18°13′15″N','The Valley','Null',1067,2.72),('Antigua and Barbuda','61°51′W17°07′N','St. John\'s','Null',22219,10),('Argentina','58°22′54″W34°36′12″S','Buenos Aires','Horacio Rodríguez Larreta ',NULL,203),('Armenia','44°30′52″E40°10′53″N','Yerevan','Hayk Marutyan',1060138,223),('Aruba','70°02′09″W12°31′07″N','Oranjestad','Null',28294,NULL),('Ashmore and Cartier Islands',NULL,'Unspecified','Null',NULL,NULL),('Australia',NULL,'Canberra','Null',NULL,NULL),('Austria','16°22′E48°12′N','Vienna','Michael Ludwig ',NULL,414.78),('Azerbaijan','49°52′56″E40°23′43″N','Baku','Eldar Azizov',2293100,2140),('Bahrain','50°34′39″E26°13′30″N','Manama','Hamad bin Isa Al Khalifa',200000,30),('Bailiwick of Guernsey',NULL,'Unspecified','Null',NULL,NULL),('Baker Island',NULL,'Unspecified','Null',NULL,NULL),('Bangladesh','90°23′20″E23°45′50″N','Dhaka','Atiqul Islam',NULL,306),('Barbados','59°37′00″W13°05′51″N','Bridgetown','Null',110000,15),('Belarus','27°34′E53°54′N','Minsk','Null',2009786,409.5),('Belgium','4°21′E50°51′N','Brussels','Null',1208542,162.4),('Belize','88°46′1″W17°15′5″N','Belmopan','Khalid Belisle ',16451,32.78),('Benin','2°36′18″E6°29′50″N','Porto-Novo','Emmanuel Zossou',264320,110),('Bermuda','64°46′55″W32°17′35″N','Hamilton','Charles R. Gosling',854,0.28),('Bhutan','89°38′10″E27°28′20″N','Thimphu','Null',114551,26.1),('Bolivia','65°15′0″W19°3′0″S','Sucre','Rosario López Rojo de Aparicio',360544,1768),('Bonaire','68°15′56″W12°8′40″N','Kralendijk','Null',10620,NULL),('Bosnia and Herzegovina','18°25′E43°52′N','Sarajevo','Benjamina Karić',275524,141.5),('Botswana','25°54′44″E24°39′29″S','Gaborone','Thata Father Maphongo ',231626,169),('Bouvet Island',NULL,'Unspecified','Null',NULL,NULL),('Brazil','47°52′58″W15°47′38″S','Brasília','Null',NULL,5802),('British Indian Ocean Territory',NULL,'Camp Justice','Null',NULL,NULL),('British Virgin Islands','64°37′23″W18°25′53″N','Road Town','Null',12603,NULL),('Brunei','114°56′32″E4°53′25″N','Bandar Seri Begawan','Null',100700,100.36),('Bulgaria','23°20′E42°42′N','Sofia','Yordanka Fandakova ',1242568,492),('Burkina Faso','1°32′W12°22′N','Ouagadougou','Armand Béouindé ',2453496,520),('Burundi','29°54′E3°26′S','Gitega','Null',135467,22),('Cambodia','104°55′16″E11°34′10″N','Phnom Penh','Khuong Sreng ',2281951,679),('Cameroon','11°31′E3°52′N','Yaoundé','Null',2765600,180),('Canada','75°41′42″W45°25′29″N','Ottawa','Jim Watson',934243,2790.3),('Cape Verde','23°30′32″W14°55′05″N','Praia','Null',159050,102.6),('Cayman Islands','81°23′11″W19°18′12″N','George Town','Null',40200,29),('Central African Republic','18°33′46″E04°22′24″N','Bangui','Emile Raymond Gros Nakombo ',889231,67),('Chad','15°03′00″E12°06′36″N','N\'Djamena','Null',916000,104),('Chile','70°40′W33°27′S','Santiago','Claudio Orrego Larraín',6269384,641),('China','116°23′51″E39°54′24″N','Beijing','Null',21893095,16410.5),('Christmas Island',NULL,'Flying Fish Cove','Null',NULL,NULL),('Clipperton Island',NULL,'Unspecified','Null',NULL,NULL),('Cocos (Keeling) Islands','96°49′42″E12°11′13″S','West Island','Null',NULL,NULL),('Collectivity of Saint Martin','63°04′56″W18°04′23″N','Marigot','Null',5700,NULL),('Colombia','74°4′20″W4°42′40″N','Bogotá','Claudia López Hernández',7412566,1587),('Comoros','43°15′22″E11°41′56″S','Moroni','Null',111326,30),('Cook Islands','159°46′15″W21°12′25″S','Avarua','Null',4906,NULL),('Coral Sea Islands',NULL,'Unspecified','Null',NULL,NULL),('Costa Rica','84°5′W9°56′N','San José','Johnny Araya Monge ',342188,44.62),('Croatia','15°59′E45°49′N','Zagreb','Tomislav Tomašević ',790017,641),('Cuba','82°21′32″W23°08′12″N','Havana','Reinaldo García Zapata ',2130517,728.26),('Curaçao','68°56′W12°7′N','Willemstad','Null',136660,NULL),('Cyprus','33°21′54″E35°10′21″N','Nicosia','Constantinos Yiorkadjis ',NULL,51.06),('Czech Republic','14°25′E50°5′N','Prague','Zdeněk Hřib ',1335084,496),('Democratic Republic of the Congo','15°19′20″E4°19′30″S','Kinshasa','Gentiny Ngobila Mbala',17071000,9965),('Denmark','12°34′06″E55°40′34″N','Copenhagen','Null',799033,179.8),('Djibouti','43°08′42″E11°35′18″N','Djibouti','Fatouma Awaleh Osman',600000,26),('Dominica','61°23′18″W15°18′05″N','Roseau','Cecil Joseph',14725,NULL),('Dominican Republic','69°57′W18°28′N','Santo Domingo','Carolina Mejía',965040,104.44),('East Timor','125°34′42″E08°33′13″S','Dili','Null',222323,48.27),('Ecuador','78°30′45″W00°13′12″S','Quito','Santiago Guarderas',2011388,372.39),('Egypt','31°14′E30°2′N','Cairo','Khaled Abdel Aal',1539673,3085.12),('El Salvador','89°11′29″W13°41′56″N','San Salvador','Mario Durán',2406709,72.25),('Equatorial Guinea','8°46′25.32″E3°45′7.43″N','Malabo','Null',297000,21),('Eritrea','38°55′30″E15°19′22″N','Asmara','Fshaye Haile',963000,45),('Estonia','24°44′43″E59°26′14″N','Tallinn','Mihhail Kõlvart',437619,159.2),('Eswatini','31°08′E26°19′S','Mbabane','Sikhumbuzo Dube',94874,81.76),('Ethiopia','38°44′24″E9°1′48″N','Addis Ababa','Adanech Abebe',3384569,527),('Falkland Islands','57°51′10″W51°41′40″S','Stanley','Null',2460,2.5),('Faroe Islands','6°46′3″W62°0′42″N','Tórshavn','Heðin Mortensen ',19165,172.9),('Federated States of Micronesia','158°9′32″E6°55′2″N','Palikir','Null',6647,NULL),('Fiji',NULL,'Suva','Null',93970,26.24),('Finland','24°56′15″E60°10′15″N','Helsinki','Juhana Vartiainen ',656250,715.48),('France','2°21′08″E48°51′24″N','Paris','Anne Hidalgo ',21000,2853.5),('French Guiana',NULL,'Unspecified','Null',NULL,NULL),('French Polynesia','149°34′11″W17°32′06″S','Papeete','Michel Buillard',1500,299.5),('French Southern and Antarctic Lands','55°28′40″E21°20′31″S','Saint Pierre','Michel Fontaine',890,NULL),('Gabon','9°27′15″E0°23′25″N','Libreville','Null',703904,65.42),('Georgia (country)','44°47′33″E41°43′21″N','Tbilisi','Kakha Kaladze ',1171100,504.2),('Germany','13°24′18″E52°31′12″N','Berlin','Michael Müller ',3664088,891.7),('Ghana','0°12′W5°33′N','Accra','Null',5055900,173),('Gibraltar',NULL,'Unspecified','Null',NULL,NULL),('Greece','23°43′41″E37°59′03″N','Athens','Kostas Bakoyannis ',664046,38.964),('Greenland','51°41′39″W64°10′53″N','Nuuk','Null',18800,690),('Grenada','61°45′W12°3′N','St. George\'s','Null',33734,NULL),('Guadeloupe',NULL,'Unspecified','Null',NULL,NULL),('Guam','144°45′00″E13°28′45″N','Hagåtña','John A. Cruz ',1051,1),('Guatemala','90°32′7″W14°36′48″N','Guatemala City','Ricardo Quiñónez Lemus ',2934841,220),('Guinea','13°42′44″W09°30′33″N','Conakry','Null',1660973,450),('Guinea-Bissau','15°34′W11°51′N','Bissau','Null',492004,77.5),('Guyana','58°9′19″W6°48′4″N','Georgetown','Ubraj Narine',118363,70),('Haiti','72°20′W18°32′N','Port-au-Prince','Ralph Youri Chevry',987310,36.04),('Heard Island and McDonald Islands',NULL,'Unspecified','Null',NULL,NULL),('Honduras','87°13′W14°6′N','Tegucigalpa','Nasry Asfura ',1276738,1502),('Hong Kong',NULL,'Unspecified','Null',NULL,NULL),('Howland Island',NULL,'Unspecified','Null',NULL,NULL),('Hungary','19°03′05″E47°29′33″N','Budapest','Gergely Karácsony ',1752286,525.2),('Iceland','21°56′24″W64°08′48″N','Reykjavík','Null',131136,273),('India','77°12′32″E28°36′50″N','New Delhi','Null',257803,42.7),('Indonesia','106°49′E6°12′S','Jakarta','Anies Baswedan',10562088,664.01),('Iran','51°23′20″E35°41′21″N','Tehran','Alireza Zakani',11800,615),('Iraq','44°23′E33°20′N','Baghdad','Alaa Al-Amari',8126755,673),('Isle of Man',NULL,'Douglas','Null',NULL,NULL),('Israel','35°13′E31°47′N','Jerusalem','Null',936425,125156),('Italy','12°30′E41°53′N','Rome','Roberto Gualtieri ',NULL,1285),('Ivory Coast','05°16′27″W06°48′58″N','Yamoussoukro','Augustin Abdoulaye Thiam Houphouët',361893,3500),('Jamaica','76°47′35″W17°58′17″N','Kingston','Delroy Williams',662435,480),('Jan Mayen',NULL,'Unspecified','Null',NULL,NULL),('Japan','139°41′32″E35°41′23″N','Tokyo','Yuriko Koike ',14043239,2194.07),('Jarvis Island',NULL,'Unspecified','Null',NULL,NULL),('Jersey','02°06′36″W49°11′09″N','Saint Helier','Null',37540,10.6),('Johnston Atoll',NULL,'Unspecified','Null',NULL,NULL),('Jordan','35°55′58″E31°56′59″N','Amman','Noor Alnazer Farah Nabulsi',4536500,1680),('Kazakhstan','71°26′E51°10′N','Nur-Sultan','Null',1136008,810.2),('Kenya','36°49′02″E01°17′11″S','Nairobi','Anne Kananu Mwenda',4397073,696),('Kingdom of the Netherlands','4°54′E52°22′N','Amsterdam','Femke Halsema ',872680,219.32),('Kingman Reef',NULL,'Unspecified','Null',NULL,NULL),('Kiribati','173°00′E1°26′N','South Tarawa','Null',3578,NULL),('Kosovo','21°9′44″E42°39′48″N','Pristina','Shpend Ahmeti ',161751,523.13),('Kuwait','47°58′42″E29°22′11″N','Kuwait City','Null',6000000,NULL),('Kyrgyzstan','74°36′44″E42°52′29″N','Bishkek','Aibek Dzhunushaliev',1053915,169.9),('Laos','102°36′E17°58′N','Vientiane','Null',948477,3920),('Latvia','24°6′23″E56°56′56″N','Riga','Mārtiņš Staķis',614618,304.03),('Lebanon','35°30′47″E33°53′13″N','Beirut','Marwan Abboud',NULL,19.8),('Lesotho','27°29′E29°19′S','Maseru','Null',330760,138),('Liberia','10°48′5″W6°18′48″N','Monrovia','Jefferson T. Koijee',1010970,75),('Libya','13°11′29″E32°53′14″N','Tripoli','Abdulrauf Beitelmal',1170000,1507),('Liechtenstein','9°31′16″E47°08′28″N','Vaduz','Manfred Bischof ',5696,17.3),('Lithuania','25°17′E54°41′N','Vilnius','Remigijus Šimašius',588412,401),('Luxembourg','6°7′55″E49°36′42″N','Luxembourg City','Lydie Polfer ',124528,51.46),('Macau',NULL,'Unspecified','Null',NULL,NULL),('Madagascar','47°31′E18°56′S','Antananarivo','Naina Andriantsitohaina',1275207,85.01),('Malawi','33°47′E13°59′S','Lilongwe','Juliana Kaduya',989318,727.79),('Malaysia','101°41′24″E02°55′48″N','Putrajaya','Null',91900,49),('Maldives','73°30′32″E4°10′31″N','Malé','Dr. Mohamed Muiz',133412,1.95),('Mali','8°0′10″W12°38′21″N','Bamako','Null',2713000,245),('Malta','14°30′45″E35°53′54″N','Valletta','Alfred Zammit ',5827,0.61),('Marshall Islands','171°23′E7°05′N','Majuro','Ladie Jack',27797,NULL),('Martinique',NULL,'Unspecified','Null',NULL,NULL),('Mauritania','15°58′43″W18°05′09″N','Nouakchott','Null',1195600,1000),('Mauritius','57°30′15″E20°9′52″S','Port Louis','Daniel Eric Clive Laurent',147066,46.7),('Mayotte',NULL,'Unspecified','Null',NULL,NULL),('Mexico','99°8′W19°26′N','Mexico City',' Claudia Sheinbaum',9209944,1485),('Midway Atoll',NULL,'Unspecified','Null',NULL,NULL),('Moldova','28°50′07″E47°01′22″N','Chișinău','Ion Ceban',532513,123),('Monaco',NULL,'city-state','Null',NULL,NULL),('Mongolia','106°55′02″E47°55′13″N','Ulaanbaatar','Dolgorsürengiin Sumyaabazar ',1466125,4704.4),('Montenegro','19°15′46.41″E42°26′28.63″N','Podgorica','Ivan Vuković ',150977,108),('Montserrat','62°12′57″W16°42′23″N','Plymouth','Null',0,NULL),('Morocco','6°50′W34°02′N','Rabat','Asmaa Rhlalou',577827,117),('Mozambique','32°35′E25°58′S','Maputo','Iolanda Cintura',1088449,347.69),('Myanmar','96°06′54″E19°44′51″N','Naypyidaw','Null',924608,7054.37),('Namibia','17°5′1″E22°34′12″S','Windhoek','Job Amupanda ',431000,5133),('Nauru','166°55′15.12″E0°32′51.72″S','Yaren','Null',747,1.5),('Navassa Island',NULL,'Unspecified','Null',NULL,NULL),('Nepal','85°19′26″E27°43′02″N','Kathmandu','Bidya Sundar Shakya ',975453,49.45),('New Caledonia','166°27′29″E22°16′33″S','Nouméa','Sonia Lagarde',2100,1643),('New Zealand','174°46′38″E41°17′20″S','Wellington','Andy Foster',215900,303.67),('Nicaragua','86°15′5″W12°8′11″N','Managua','Reyna Rueda',1055247,267),('Niger','2°7′31″E13°30′42″N','Niamey','Assane Seydou Sanda',1026848,239.3),('Nigeria','7°29′E9°4′N','Abuja','Null',1235880,1769),('Niue','169°55′12″W19°03′14″S','Alofi','Null',597,46.48),('Norfolk Island',NULL,'Kingston','Null',NULL,NULL),('North Korea','125°44′17″E39°1′10″N','Pyongyang','Null',2870000,2000),('North Macedonia','21°26′E42°0′N','Skopje','Danela Arsovska ',506926,571.46),('Northern Cyprus','33°21′48″E35°10′37″N','North Nicosia','Mehmet Harmancı ',61378,92.8),('Northern Mariana Islands','145°45′E15°11′N','Saipan','Null',NULL,12),('Norway','10°45′8″E59°54′50″N','Oslo','Marianne Borgen ',697010,480),('Oman','58°24′30″E23°35′20″N','Muscat','Null',450,273.9),('Pakistan','73°03′50″E33°41′35″N','Islamabad','Peer Adil Shah Gillani',1014825,220),('Palau','134°37′27″E7°30′2″N','Ngerulmud','Null',271,NULL),('Palmyra Atoll',NULL,'Unspecified','Null',NULL,NULL),('Panama','79°31′W8°59′N','Panama City','José Luis Fábrega ',880691,275),('Papua New Guinea','147°08′58″E9°28′44″S','Port Moresby','Powes Parkop ',364145,240),('Paraguay','57°38′W25°18′S','Asunción','Null',525252,117),('Peru','77°02′W12°03′S','Lima','Jorge Muñoz',9751717,2672.3),('Philippines','120°59′E14°36′N','Manila','Isko Moreno ',1846513,42.88),('Pitcairn Islands','130°6′W25°4′S','Adamstown','Charlene Warren-Peu',40,4.6),('Poland','21°1′E52°14′N','Warsaw','Rafał Trzaskowski ',1794166,517.24),('Portugal','9°09′00″W38°43′31″N','Lisbon','Carlos Moedas',544851,100.05),('Puerto Rico','66°3′50″W18°24′23″N','San Juan','Miguel Romero Lugo ',342259,77),('Qatar','51°32′0″E25°17′12″N','Doha','Null',2382000,132),('Republic of Artsakh','46°45′7″E39°48′55″N','Stepanakert','David Sargsyan',75000,29.12),('Republic of Ireland','06°15′37″W53°20′59″N','Dublin','Alison Gilliland ',554554,117.8),('Republic of the Congo','15°17′31″E4°16′4″S','Brazzaville','Dieudonné Bantsimba',1696392,263.9),('Réunion',NULL,'Unspecified','Null',NULL,NULL),('Romania','26°6′14″E44°25′57″N','Bucharest','Nicușor Dan ',1883425,228),('Russia','37°37′2″E55°45′21″N','Moscow','Sergey Sobyanin',12506468,2561.5),('Rwanda','30°3′34″E1°56′38″S','Kigali','Pudence Rubingisa',1132686,730),('Saba','63°14′57″W17°37′34″N','The Bottom','Null',462,NULL),('Sahrawi Arab Democratic Republic','13°12′12″W27°9′13″N','El Aaiún','Null',217732,21),('Saint Barthélemy','62°51′05.0″W17°54′03.8″N','Gustavia','Null',2300,3.4),('Saint Helena, Ascension and Tristan da Cunha','5°43′5″W15°55′28″S','Jamestown','Null',630,3.6),('Saint Kitts and Nevis','62°44′W17°18′N','Basseterre','Null',14000,6.1),('Saint Lucia','60°59′W14°01′N','Castries','Geraldine Lendor-Gabriel',20000,79),('Saint Pierre and Miquelon','56°10′40″W46°46′40″N','Saint-Pierre','Nick Mullen',220,NULL),('Saint Vincent and the Grenadines','061°13′30″W13°09′28″N','Kingstown','Null',12909,NULL),('Samoa','171°45′W13°50′S','Apia','Null',NULL,47.8),('San Marino','12°26′50.28″E43°56′4.56″N','San Marino','Null',4071,7.09),('São Tomé and Príncipe','6°43′50″E0°20′10″N','São Tomé','Null',71868,17),('Saudi Arabia','46°43′E24°38′N','Riyadh','Faisal bin Bandar Al Saud',7676654,1973),('Senegal','17°26′48″W14°41′34″N','Dakar','Soham El Wardini ',1146052,83),('Serbia','20°28′E44°49′N','Belgrade','Zoran Radojičić ',1166763,359.9),('Seychelles','55°27′E4°37′S','Victoria','David André',26450,20.1),('Sierra Leone','13°14′4″W8°29′4″N','Freetown','Yvonne Aki-Sawyerr',1055964,81.48),('Singapore',NULL,'Unspecified','Null',NULL,NULL),('Sint Eustatius','62°59′W17°29′N','Oranjestad','Null',1038,NULL),('Sint Maarten','63°02′45″W18°01′25″N','Philipsburg','Null',1894,NULL),('Slovakia','17°06′35″E48°08′38″N','Bratislava','Matúš Vallo',440948,367.584),('Slovenia','14°30′30″E46°03′20″N','Ljubljana','Zoran Janković ',295504,163.8),('Solomon Islands','159°57′20″E9°25′55″S','Honiara','Wilson Mamae',84520,22),('Somalia','45°20′E02°02′N','Mogadishu','Omar M. Finnish',5488000,NULL),('Somaliland','44°4′3″E9°33′47″N','Hargeisa','Abdikarim Ahmed Mooge',1200000,78),('South Africa','28°11′17″E25°44′46″S','Pretoria','Randall Williams ',2472612,687.54),('South Georgia and the South Sandwich Islands','36°30′00″W54°17′00″S','King Edward Point','Null',22,NULL),('South Korea','126°59′24″E37°33′36″N','Seoul','Oh Se-hoon ',9733509,605.21),('South Ossetia','43°58′12″E42°13′30″N','Tskhinvali','Null',32180,7.4),('South Sudan','31°36′E4°51′N','Juba','Stephen Wani Michael',525953,52),('Spain','3°43′W40°25′N','Madrid','José Luis Martínez-Almeida ',3223334,604.31),('Sri Lanka','79°55′E6°55′N','Sri Jayawardenepura Kotte','I M V Premalal ',115826,17),('State of Palestine',NULL,'Unspecified','Null',NULL,NULL),('Sudan','32°33′36″E15°30′2″N','Khartoum','Null',639598,1010),('Suriname','55°12′14″W5°51′8″N','Paramaribo','Null',240924,182),('Svalbard',NULL,'Unspecified','Null',NULL,NULL),('Sweden','18°4′7″E59°19′46″N','Stockholm','Anna König Jerlmyr ',975819,188),('Switzerland',NULL,'de jure','Null',NULL,NULL),('Syria','36°17′31″E33°30′47″N','Damascus','Null',2079000,105),('Taiwan','121°31′E25°04′N','Taipei','Ko Wen-je ',2646204,271.8),('Tajikistan','68°46′48″E38°32′12″N','Dushanbe','Rustam Emomali ',863400,203.182),('Tanzania','35°44′31″E6°10′23″S','Dodoma','Davis G. Mwamfupe',2245800,2576),('Thailand','100°29′39″E13°45′09″N','Bangkok','Aswin Kwanmuang',8305218,1568.74),('The Bahamas','77°20′W25°4′N','Nassau','Null',274400,207),('The Gambia','16°34′39″W13°27′11″N','Banjul','Rohey Malick Lowe',73000,12),('Togo','1°13′22″E6°7′55″N','Lomé','Aouissi Lodé',837437,99.14),('Tokelau',NULL,'Unspecified','Null',NULL,NULL),('Tonga','175°12′0″W21°8′0″S','Nukuʻalofa','Null',23221,NULL),('Transnistria','29°38′36″E46°50′25″N','Tiraspol','Null',133807,55.56),('Trinidad and Tobago','61°31′W10°40′N','Port of Spain','Joel Martinez, PNM',37074,12),('Tunisia','10°10′54″E36°48′23″N','Tunis','Souad Abderrahim ',638845,212.63),('Turkey','32°51′00″E39°55′48″N','Ankara','Mansur Yavaş ',5663322,24521),('Turkmenistan','58°22′48″E37°56′15″N','Ashgabat','Ýaztagan Gylyjow',1031992,917.6),('Turks and Caicos Islands','71°08′20″W21°27′32″N','Cockburn Town','Null',3700,6.71),('Tuvalu','179°12′E08°31′S','Funafuti','Null',6320,2.4),('Uganda','32°34′52″E00°18′49″N','Kampala','Erias Lukwago',1680600,189),('Ukraine','30°31′24″E50°27′00″N','Kyiv','Vitali Klitschko',2962180,839),('United Arab Emirates','54°22′E24°28′N','Abu Dhabi','Null',1450000,972),('United Kingdom','0°7′39″W51°30′26″N','London','Null',8961989,1572),('United States','77°00′53″W38°54′36″N','Washington, D.C.','Muriel Bowser ',689545,68.34),('United States Virgin Islands','64°57′W18°21′N','Charlotte Amalie','Null',14477,3.14),('Uruguay','56°10′55″W34°53′1″S','Montevideo','Null',6726,201),('Uzbekistan','69°16′E41°18′N','Tashkent','Jahongir Ortiqhojaev',2571668,334.8),('Vanuatu','168°19′E17°44′S','Port Vila','Erick Puyo Festa',51437,23.6),('Vatican City',NULL,'Unspecified','Null',NULL,NULL),('Venezuela','66°54′13″W10°28′50″N','Caracas','Null',2245744,433),('Vietnam','105°51′15″E21°01′42″N','Hanoi','Null',8053663,3358.6),('Wake Island',NULL,'Unspecified','Null',NULL,NULL),('Wallis and Futuna','176°11′W13°17′S','Matā\'Utu','Null',1029,NULL),('Yemen','44°12′23″E15°20′54″N','Sana\'a','Null',2545000,126),('Zambia','28°17′E15°25′S','Lusaka','Miles Sampa',1747152,418),('Zimbabwe','31°3′8″E17°49′45″S','Harare','Jacob Mafume ',2123132,960.6);
/*!40000 ALTER TABLE `capitalcity` ENABLE KEYS */;
UNLOCK TABLES;

--
-- Table structure for table `country`
--

DROP TABLE IF EXISTS `country`;
/*!40101 SET @saved_cs_client     = @@character_set_client */;
/*!50503 SET character_set_client = utf8mb4 */;
CREATE TABLE `country` (
  `CountryName` varchar(50) NOT NULL,
  `Population` int DEFAULT NULL,
  `Driving_side` varchar(50) DEFAULT NULL,
  `OfficialLanguage` varchar(50) DEFAULT NULL,
  `TimeZone` varchar(80) DEFAULT NULL,
  `Calling_code` varchar(20) DEFAULT NULL,
  `Legislature` varchar(100) DEFAULT NULL,
  `Area` float DEFAULT NULL,
  `Continent` varchar(40) DEFAULT NULL,
  `Currency` varchar(150) DEFAULT NULL,
  `HDI` float DEFAULT NULL,
  `WaterPercent` float DEFAULT NULL,
  `Gini_index` float DEFAULT NULL,
  `PPP_GDP` float DEFAULT NULL,
  `Nominal_GDP` float DEFAULT NULL,
  PRIMARY KEY (`CountryName`)
) ENGINE=InnoDB DEFAULT CHARSET=utf8mb4 COLLATE=utf8mb4_0900_ai_ci;
/*!40101 SET character_set_client = @saved_cs_client */;

--
-- Dumping data for table `country`
--

LOCK TABLES `country` WRITE;
/*!40000 ALTER TABLE `country` DISABLE KEYS */;
INSERT INTO `country` VALUES ('Abkhazia',245246,'right','Abkhaz','UTC+3 (MSK)','7840940','People\'s Assembly',8665,'Asia','Abkhazian apsarRussian rublee ',NULL,NULL,NULL,NULL,NULL),('Afghanistan',32890171,'right',NULL,'UTC+4','93',NULL,652864,'Asia','Afghani ',0.511,0,NULL,72911000000,21657000000),('Akrotiri and Dhekelia',18195,'left','English','UTC+02:00 (EET)','357',NULL,254,'Asia','Euro ',NULL,NULL,NULL,NULL,NULL),('Åland Islands',30129,'right','Swedish','UTC+02:00 (EET)','35818','Lagting',1580,'Europe','Euro ',0.9,NULL,NULL,1563000000,NULL),('Albania',2845955,'right','Albanian','UTC+1 (CET)','355','Kuvendi',28748,'Europe','Lek ',0.795,4.7,34.3,42594000000,16753000000),('Algeria',44700000,'right','Arabic','UTC+1 (CET)','213','Parliament',2381740,'Africa','Algerian dinar ',0.748,1.1,27.6,532565000000,163512000000),('American Samoa',46366,'right','English','UTC−11:00 (SST)','1684','Fono',77,'Oceania','United States dollar ',NULL,NULL,NULL,658000000,NULL),('Andorra',77543,'right','Catalan','UTC+01 (CET)','376','General Council',467.63,'Europe','Euro ',0.868,0.26,27.21,NULL,NULL),('Angola',31127674,'right','Portuguese','UTC+1 (WAT)','244','National Assembly',1246700,'Africa','Kwanza ',0.581,0,51.3,213034000000,64480000000),('Anguilla',14731,'left',NULL,'UTC–4 (AST)','1264','House of Assembly',91,'NorthAmerica','Eastern Caribbean dollar ',NULL,0,NULL,311000000,NULL),('Antigua and Barbuda',97000,'left',NULL,'UTC-4 (AST)','1268','Parliament',440,'NorthAmerica','East Caribbean dollar ',0.778,0,NULL,2731000000,1717000000),('Argentina',45605826,'right','Spanish','UTC−3 (ART)','54','National Congress',2780400,'SouthAmerica','Argentine peso ',0.845,1.57,42.9,1033000000000,444458000000),('Armenia',2963900,'right','Armenian','UTC+4 (AMT)','374','National Assembly',29743,'Asia','Dram ',0.776,NULL,29.9,32893000000,13444000000),('Aruba',116576,'right','Dutch','UTC-4:00 (AST)','297','Parliament of Aruba',180,'NorthAmerica','Aruban florin ',NULL,0,NULL,4400000000,3400000000),('Ashmore and Cartier Islands',0,NULL,NULL,NULL,NULL,NULL,NULL,'Asia',NULL,NULL,NULL,NULL,NULL,NULL),('Australia',25902500,'left','federal level','UTC+8','61','Parliament',7692020,'Oceania','Australian dollar ',0.944,1.79,32.5,1427000000000,1611000000000),('Austria',8935112,'right','Austrian German','UTC+1 (CET)','43','Parliament',83879,'Europe','Euro ',0.922,0.84,27,461432000000,446315000000000),('Azerbaijan',10130100,'right','Azerbaijani','UTC+4 (AZT)','994','National Assembly',86600,'Asia','Manat ',0.756,1.6,33.7,189050000000,45284000000),('Bahrain',1569446,'right','Arabic','UTC+3 (AST)','973','National Assembly',785.08,'Asia','Bahraini dinar ',0.852,0,NULL,78760000000,41607000000),('Bailiwick of Guernsey',67334,'left','English','UTC±00:00 (GMT)','44',NULL,78,'Europe','Pound sterlingGuernsey pound ',0.975,0,NULL,2100000000,NULL),('Baker Island',0,NULL,NULL,'International Date Line West (UTC-12:00)',NULL,NULL,1.81,'Oceania',NULL,NULL,NULL,NULL,NULL,NULL),('Bangladesh',161376708,'left','Bengali','UTC+6 (BST)','880','Jatiya Sangsad',148460,'Asia','Taka ',0.632,6.4,39.5,966485000000,409000000000),('Barbados',287025,'left','English','UTC−4 (AST)','1246','Parliament',439,'NorthAmerica','Barbadian dollar ',0.814,NULL,NULL,5398000000,5207000000),('Belarus',9349645,'right','Belarusian','UTC+3 (MSK[9])','375','National Assembly',207595,'Europe','Belarusian ruble ',0.823,1.4,25.3,185889000000,57708000000),('Belgium',11492641,'right','Dutch','UTC+1 (CET)','32','Federal Parliament',30689,'Europe','Euro ',0.919,0.71,25.4,575808000000,503416000000),('Belize',419199,'right','English','UTC-6 (CST (GMT-6)[11])','501','National assembly',22966,'NorthAmerica','Belize dollar ',0.716,0.8,53.1,3484000000,1987000000),('Benin',11733059,'right','French','UTC+1 (WAT)','229','National Assembly',114763,'Africa','West African CFA franc ',0.545,0.4,47.8,29918000000,11386000000),('Bermuda',63913,'left','English','UTC−04:00 (AST[4])','1441','Parliament',53.2,'NorthAmerica','Bermudian dollar ',NULL,27,NULL,NULL,NULL),('Bhutan',754388,'left','Dzongkha','UTC+06 (BTT)','975','Parliament',38394,'Asia','Ngultrum ',0.654,1.1,37.4,7701000000,2547000000),('Bolivia',11428245,'right','Spanish','UTC−4 (BOT)','591','Plurinational Legislative Assembly',1098580,'SouthAmerica','Boliviano ',0.718,1.29,41.6,89018000000,40687000000),('Bonaire',20104,NULL,NULL,'UTC−4 (AST)','5997',NULL,NULL,'NorthAmerica','US dollar ',NULL,NULL,NULL,NULL,NULL),('Bosnia and Herzegovina',3824782,'right',NULL,'UTC+01 (CET)','387','Parliamentary Assembly',51129,'Europe','Convertible mark ',0.78,1.4,32.7,51996000000,21953000000),('Botswana',2254068,'left','Setswana','Central Africa Time (GMT+2)','267','National Assembly',581730,'Africa','Pula ',0.735,2.7,53.3,43389000000,18726000000),('Bouvet Island',0,NULL,NULL,NULL,NULL,NULL,49,'Africa',NULL,NULL,NULL,NULL,NULL,NULL),('Brazil',210147125,'right','Portuguese','UTC−2 to −5 (BRT)','55','National Congress',8515770,'SouthAmerica','Real ',0.765,0.65,53.4,3328000000000,1491000000000),('British Indian Ocean Territory',0,'right','English','UTC+06','246',NULL,54000,'Africa','United States Dollar ',NULL,99.89,NULL,NULL,NULL),('British Virgin Islands',30030,'left','English','UTC-4:00 (AST)','1284','House of Assembly',153,'NorthAmerica','United States dollar ',NULL,1.6,NULL,500000000,NULL),('Brunei',460345,'left','Malay','UTC+8 (Brunei Darussalam Time)','673','Legislative Council',5765,'Asia','Brunei dollar ',0.838,8.6,NULL,36854000000,13325000000),('Bulgaria',6875040,'right','Bulgarian','UTC+2 (EET)','359','National Assembly',110994,'Europe','Lev ',0.816,NULL,40,174998000000,77782000000),('Burkina Faso',21510181,'right','French','UTC (GMT)','226','National Assembly',274200,'Africa','West African CFA franc[8] ',0.452,0.146,38.9,45339000000,16226000000),('Burundi',11865821,'right','Kirundi','UTC+2 (CAT)','257','Parliament',27834,'Africa','Burundian franc ',0.433,NULL,39.2,8380000000,3573000000),('Cambodia',15552211,'right','Khmer','UTC+7 (ICT)','855','Parliament',181035,'Asia','Riel ',0.594,2.5,36,76635000000,26628000000),('Cameroon',26545864,'right','French','UTC+1 (WAT)','237','Parliament',475442,'Africa','Central African CFA franc ',0.563,0.57,46.6,101950000000,44893000000),('Canada',38246108,'right','English','UTC−3.5 to −8','1','Parliament',9984670,'NorthAmerica','Canadian dollar ',0.929,11.76,30.3,2027000000000,2016000000000),('Cape Verde',483628,'right','Portuguese','UTC–1 (CVT)','238','National Assembly',4033,'Africa','Cape Verdean escudo ',0.665,0,42.4,4323000000,2042000000),('Cayman Islands',71100,'left','English','UTC-5:00 (EST)','1345','Parliament',264,'NorthAmerica','Cayman Islands dollar ',NULL,1.6,NULL,2507000000,NULL),('Central African Republic',4666368,'right','French','UTC+1 (WAT)','236','National Assembly',622984,'Africa','Central African CFA franc ',0.397,0,56.3,4262000000,2321000000),('Chad',16244513,'right','Arabic','UTC+1 (WAT)','235','Transitional Military Council',1284000,'Africa','Central African CFA franc ',0.398,1.9,43.3,30000000000,11000000000),('Chile',17574003,'right',NULL,'UTC−4 and −6 (CLT and EASTc)','56','National Congress',756096,'SouthAmerica','Chilean peso ',0.851,2.1,46,456394000000,245414000000),('China',1411778724,'right (Mainland);left (Hong Kong and Macau)','Standard Chinese','UTC+8 (China Standard Time)','86','National People\'s Congress',9596960,'Asia','Renminbi ',0.761,NULL,46.7,26660000000000,16640000000000),('Christmas Island',1843,'left',NULL,'UTC+07:00 (CXT)','61891',NULL,135,'Asia','Australian dollar ',NULL,0,NULL,NULL,NULL),('Clipperton Island',NULL,NULL,NULL,'CIST (UTC-8)',NULL,NULL,29,'NorthAmerica',NULL,NULL,NULL,NULL,NULL,NULL),('Cocos (Keeling) Islands',544,NULL,NULL,'UTC+06:30','61891',NULL,14,'Asia','Australian dollar ',NULL,0,NULL,NULL,NULL),('Collectivity of Saint Martin',34065,'right','French','UTC-4:00 (AST)','590',NULL,53.2,'NorthAmerica','Euro ',NULL,0,NULL,NULL,NULL),('Colombia',50372424,'right','Spanish','UTC−5[b] (COT)','57','Congress',1141750,'SouthAmerica','Colombian peso ',0.767,2.1,51.3,827662000000,343177000000),('Comoros',850886,'right','Comorian','UTC+3 (EAT)','269','Assembly of the Union',1861,'Africa','Comorian franc ',0.554,0,45,2446000000,1179000000),('Cook Islands',17459,'left','English','UTC-10 (CKT)','682','Parliament',236.7,'Oceania','New Zealand dollar ',NULL,NULL,NULL,NULL,NULL),('Coral Sea Islands',0,NULL,NULL,NULL,NULL,NULL,NULL,'Oceania',NULL,NULL,NULL,NULL,NULL,NULL),('Costa Rica',5094118,'right','Spanish','UTC−6 (CST)','506','Legislative Assembly',51100,'NorthAmerica','Costa Rican colón ',0.81,1.05,49.7,95791000000,65179000000),('Croatia',3901165,'right','Croatian','UTC+1 (CET)','385','Croatian Parliament',56594,'Europe','Kuna ',0.851,1.09,28.3,124000000000,63000000000),('Cuba',11181595,'right','Spanish','UTC−5 (CST)','53','National Assembly of People\'s Power',109884,'NorthAmerica','Cuban peso ',0.783,0,38,NULL,NULL),('Curaçao',155000,'right','Dutch','UTC-4:00 (AST)','5999','Parliament of Curaçao',444,'NorthAmerica','Netherlands Antillean guilder ',0.811,NULL,NULL,5500000000,3500000000),('Cyprus',1189265,'left','Greek','UTC+2 (EET)','357','House of Representatives',9251,'Asia','Euro ',0.887,9,29.3,38561000000,26546000000),('Czech Republic',10701777,'right','Czech','UTC+1 (CET)','420','Parliament',78871,'Europe','Czech koruna ',0.9,2.12,24,432346000000,261732000000),('Democratic Republic of the Congo',92377393,'right','French','UTC+1 to +2 (WAT and CAT)','243','Parliament',2345410,'Africa','Congolese franc ',0.48,3.32,42.1,77486000000,46117000000),('Denmark',5850189,'right','Danish','UTC+1 (CET)','45','Folketing',42933,'Europe','Danish krone[N 9] ',0.94,1.74,27.3,299000000000,370000000000),('Djibouti',921804,'right','French','UTC+3 (EAT)','253','National Assembly',23200,'Africa','Djiboutian franc ',0.524,0.09,41.6,3974000000,2187000000),('Dominica',71625,'left','English','UTC–4 (AST)','1767','House of Assembly of Dominica',750,'NorthAmerica','East Caribbean dollar ',0.742,1.6,NULL,688000000,485000000),('Dominican Republic',10878246,'right','Spanish','UTC – 4:00[4] (Atlantic Standard Time)','1809','Congress',48671,'NorthAmerica','Dominican peso[5] ',0.756,NULL,43.7,215999000000,96291000000),('East Timor',1340513,'left','Portuguese','UTC+9 (TLT)','670','National Parliament',15007,'Asia','United States dollarb ',0.606,0,28.7,5315000000,1920000000),('Ecuador',17715822,'right','Spanish','UTC−5 / −6 (ECT / GALT)','593','National Assembly',283561,'SouthAmerica','United States dollarb ',0.759,5,45.4,202043000000,106289000000),('Egypt',101478581,'right','Arabic','UTC+2 (EGY)','20','Parliament',1010410,'Africa','Egyptian pound ',0.707,0.632,31.5,1391000000000,362000000000),('El Salvador',6830000,'right','Spanish','UTC−6 (CST)','503','Legislative Assembly',21041,'NorthAmerica','United States dollar ',0.673,1.5,38.8,53667000000,25855000000),('Equatorial Guinea',1454789,'right','Spanish','UTC+1 (WAT)','240','Parliament',28050,'Africa','Central African CFA franc ',0.592,0,NULL,29162000000,12432000000),('Eritrea',5150000,'right',NULL,'UTC+3 (EAT)','291','National Assembly',117600,'Africa','Nakfa ',0.459,0.14,NULL,11010000000,8090000000),('Estonia',1330068,'right','Estonian','UTC+02:00 (EET)','372','Riigikogu',45339,'Europe','Euro ',0.892,5.16,30.5,49644000000,34970000000),('Eswatini',1160164,'left','Swazi','UTC+2 (SAST)','268','Parliament',17364,'Africa','Lilangeni ',0.611,0.9,54.6,10463000000,4211000000),('Ethiopia',117876227,'right','Afar','UTC+3 (EAT)','251','Federal Parliamentary Assembly',1104300,'Africa','Birr ',0.485,0.7,35,278000000000,91514000000),('Falkland Islands',3398,'left','English','UTC-03:00 (FKST)','500','Legislative Assembly',12200,'SouthAmerica','Falkland Islands pound ',0.874,0,36,228500000,NULL),('Faroe Islands',53358,'right','Faroese','UTC±00:00 (WET)','298','Løgting',1399,'Europe','Faroese króna ',0.95,0.5,23.3,NULL,NULL),('Federated States of Micronesia',104468,'right','English','UTC+10 and +11','691','Congress',702,'Oceania','United States dollar ',0.62,0,40.1,367000000,383000000),('Fiji',926276,'left','Fijian','UTC+12 (FJT)','679','Parliament',18274,'Oceania','Fijian dollar ',0.743,0,36.4,9112000000,5223000000),('Finland',5536146,'right','Finnish','UTC+2 (EET)','358','Parliament',338455,'Europe','Euro ',0.938,9.71,26.2,257000000000,277000000000),('France',67413000,'right','French','UTC+1 (Central European Time)','33','Parliament',640679,'Europe','Euro ',0.901,0.86,29.2,3232000000000,2938000000000),('French Guiana',294071,NULL,NULL,'UTC−03:00 (GFT)',NULL,NULL,91000,'SouthAmerica',NULL,NULL,NULL,NULL,NULL,NULL),('French Polynesia',275918,'right','French','UTC−10:00','689','Assembly of French Polynesia',4167,'Oceania','CFP franc ',NULL,12,NULL,NULL,NULL),('French Southern and Antarctic Lands',0,'right','French','UTC+04:00UTC+05:00UTC+10:00',NULL,'Advisory Council of the TAAF',439666,'Africa','Euro ',NULL,NULL,NULL,NULL,NULL),('Gabon',2119275,'right','French','UTC+1 (WAT)','241','Parliament',267667,'Africa','Central African CFA franc ',0.703,3.76,38,38280000000,17212000000),('Georgia (country)',3728573,'right','Georgian','UTC+4 (Georgia Time GET)','995','Parliament',69700,'Asia','Georgian lari ',0.812,NULL,35.9,46050000000,17830000000),('Germany',83190556,'right','German','UTC+1 (CET)',NULL,NULL,357022,'Europe','Euro ',0.947,1.27,29.7,4743000000000,4319000000000),('Ghana',31072940,'right',NULL,'UTC (GMT)','233','Parliament',239567,'Africa','Cedi ',0.611,4.61,43.5,226000000000,73594000000),('Gibraltar',34003,'right','English','UTC+01:00 (CET)','350','Parliament',6.8,'Europe','Gibraltar pound ',0.961,0,NULL,NULL,NULL),('Greece',10718565,'right','Greek','UTC+02:00 (EET)','30','Hellenic Parliament',131957,'Europe','Euro ',0.888,1.51,31.4,339668000000,211645000000),('Greenland',56081,'right','Kalaallisut','UTC±00:00 to UTC-04:00','299','Inatsisartut',2166090,'Europe','Danish krone ',0.786,NULL,33.9,1800000000,NULL),('Grenada',111454,'left','English','UTC−4 (AST)','1473','Parliament',348.5,'NorthAmerica','East Caribbean dollar ',0.779,1.6,NULL,1801000000,1249000000),('Guadeloupe',400201,NULL,NULL,'UTC– 04:00 (AST)',NULL,NULL,1628,'NorthAmerica',NULL,NULL,NULL,NULL,NULL,NULL),('Guam',168801,'right','English','UTC+10:00 (ChST)','1671','Legislature of Guam',540,'Oceania','United States dollar ',NULL,NULL,NULL,5790000000,NULL),('Guatemala',17263239,'right','Spanish','UTC−6 (CST)','502','Congress of the Republic',108889,'NorthAmerica','Quetzal ',0.663,0.4,48.3,145249000000,79109000000),('Guinea',12414293,'right','French','UTC (GMT)','224','National Assembly',245857,'Africa','Guinean franc ',0.477,0,33.7,26451000000,9183000000),('Guinea-Bissau',1726000,'right','Portuguese','UTC (GMT)','245','National People\'s Assembly',36125,'Africa','West African CFA franc ',0.48,22.4,50.7,3391000000,1480000000),('Guyana',743700,'left','English','UTC-4 (AST)','592','National Assembly',214970,'SouthAmerica','Guyanese dollar ',0.682,8.4,44.6,18357000000,7255000000),('Haiti',11439646,'right','French','UTC−5 (EST)','509','Parliament',27750,'NorthAmerica','Gourde ',0.51,0.7,41.1,34189000000,22431000000),('Heard Island and McDonald Islands',NULL,NULL,NULL,NULL,NULL,NULL,2745,'Africa',NULL,NULL,NULL,NULL,NULL,NULL),('Honduras',9587522,'right','Spanish','UTC−6 (CST)','504','National Congress',112492,'NorthAmerica','Lempira ',0.632,NULL,52.1,49010000000,23835000000),('Hong Kong',7500700,'left',NULL,'UTC+08:00 (HKT)','852','Legislative Council',2754.97,'Asia','Hong Kong dollar ',0.949,59.7,53.9,472395000000,368633000000),('Howland Island',0,NULL,NULL,'IDLW/Yankee Time Zone (UTC−12:00)',NULL,NULL,NULL,'Oceania',NULL,NULL,NULL,NULL,NULL,NULL),('Hungary',9730000,'right','Hungarian','UTC+1 (CET)','36','National Assembly',93030,'Europe','Forint ',0.854,NULL,28.3,359901000000,180959000000),('Iceland',371580,'right','Icelandic','UTC[c] (GMT/WET)','354','Althing',102775,'Europe','Icelandic króna ',0.949,2.07,23.2,19800000000,20800000000),('India',1352642280,'left','Hindi','UTC+05:30 (IST)','91','Parliament',3287260,'Asia','Indian rupee ',0.645,9.6,35.7,10207000000000,3050000000000),('Indonesia',270203917,'left','Indonesian','UTC+7 to +9 (various)','62','People\'s Consultative Assembly ',1904570,'Asia','Indonesian rupiah ',0.718,4.85,38.2,3507000000000,1159000000000),('Iran',83183741,'right','Persian','UTC+3:30 (IRST)','98','Islamic Consultative Assembly',1648200,'Asia','Iranian rial ',0.783,1.63,42,1007000000000,611000000000),('Iraq',40222503,'right','Arabic','UTC+3 (AST)','964','Council of Representatives',438317,'Asia','Iraqi dinar ',0.674,4.62,29.5,413316000000,250070000000),('Isle of Man',83314,'left','English','UTC±00:00 (GMT)','44','Tynwald',572,'Europe','Pound sterlingManx pound ',0.849,1,0.41,7430000000,NULL),('Israel',9433340,'right','Hebrew','UTC+2 (IST)','972','Knesset',NULL,'Asia','New shekel ',0.919,2.71,34.8,372314000000,410501000000),('Italy',60317116,'right','Italian','UTC+1 (CET)','39','Parliament',301340,'Europe','Euro ',0.892,1.24,32.8,2610000000000,2106000000000),('Ivory Coast',26378274,'right','French','UTC (GMT)','225','Parliament of Ivory Coast',322463,'Africa','West African CFA franc ',0.538,NULL,41.5,144497000000,61502000000),('Jamaica',2726667,'left','English','UTC-5','1876','Parliament',10991,'NorthAmerica','Jamaican dollar ',0.734,1.5,35,26981000000,15424000000),('Jan Mayen',0,NULL,NULL,'CET (UTC+1)',NULL,NULL,124100,'Europe',NULL,NULL,NULL,NULL,NULL,NULL),('Japan',125360000,'left',NULL,'UTC+09:00 (JST)','81','National Diet',377975,'Asia','Japanese yen ',0.919,1.4,33.4,5586000000000,5378000000000),('Jarvis Island',0,NULL,NULL,'Samoa Time Zone (UTC-11:00)',NULL,NULL,3.26,'Oceania',NULL,NULL,NULL,NULL,NULL,NULL),('Jersey',107800,'left','English','UTC±00:00 (GMT)','44','States Assembly',118.2,'Europe','Pound sterlingJersey pound ',0.985,0,0.3,6000000000,NULL),('Johnston Atoll',0,NULL,NULL,'UTC-10 (Hawaii–Aleutian Time Zone)',NULL,NULL,1.03,'Oceania',NULL,NULL,NULL,NULL,NULL,NULL),('Jordan',10658123,'right','Arabic','UTC+2 (EET)','962','Parliament',89342,'Asia','Jordanian dinar ',0.729,0.6,35.4,102158000000,42609000000),('Kazakhstan',18711560,'right','Kazakh','UTC+5 / +6 (West / East)','76','Parliament',2724900,'Asia','Tenge ',0.825,1.7,27.5,569813000000,179332000000),('Kenya',54985698,'left','English','UTC+3 (EAT)','254','Parliament',580367,'Africa','Kenyan shilling ',0.601,2.3,40.8,250854000000,109116000000),('Kingdom of the Netherlands',17737438,'right','Dutch','UTC-4 (CET (UTC+1)AST)','31',NULL,42531,'Europe','4 currencies  Euro ',NULL,18.96,NULL,NULL,NULL),('Kingman Reef',NULL,NULL,NULL,NULL,NULL,NULL,NULL,'Oceania',NULL,NULL,NULL,NULL,NULL,NULL),('Kiribati',119940,'left','English','UTC+12, +13, +14','686','House of Assembly',811,'Oceania','Australian dollar[10] ',0.63,NULL,NULL,255000000,187000000),('Kosovo',1935259,'right','Albanian','UTC+1 (CET)','383','Assembly',10887,'Europe','Euro ',0.742,NULL,29,23524000000,8402000000),('Kuwait',4420110,'right','Arabic','UTC+3 (AST)','965','National Assembly',17818,'Asia','Kuwaiti dinar ',0.806,0,NULL,303000000000,118271000000),('Kyrgyzstan',6586600,'right','Kyrgyz','UTC+6 (KGT)','996','Supreme Council',199951,'Asia','Kyrgyzstani som ',0.697,3.6,27.7,35324000000,8455000000),('Laos',7123205,'right','Lao','UTC+7 (ICT)','856','National Assembly',237955,'Asia','Kip ',0.613,2,36.4,NULL,NULL),('Latvia',1907675,'right','Latvian','UTC+2 (EET)','371','Saeima',64589,'Europe','Euro ',0.866,2.09,35.2,63539000000,37720000000),('Lebanon',6859408,'right','Arabic','UTC+2 (EET)','961','Parliament',10452,'Asia','Lebanese pound ',0.744,1.8,31.8,91000000000,18000000000),('Lesotho',2108328,'left','Sesotho','UTC+2 (South African Standard Time)','266','Parliament',30355,'Africa','Loti ',0.527,0.0032,44.9,7448000000,2721000000),('Liberia',5214030,'right','English','UTC (GMT)','231','Legislature of Liberia',111369,'Africa','Liberian dollar ',0.48,13.514,35.3,6468000000,3221000000),('Libya',6992701,'right','Arabic','UTC+2 (EET)','218','House of Representatives',1759540,'Africa','Libyan dinar ',0.724,NULL,NULL,31531000000,21805000000),('Liechtenstein',38896,'right','German','UTC+01:00 (CET)','423','Landtag',160,'Europe','Swiss franc ',0.919,NULL,NULL,5300000000,5155000000),('Lithuania',2784279,'right','Lithuanian','UTC+2 (EET)','370','Seimas',65300,'Europe','Euro ',0.882,1.98,35.4,107000000000,56000000000),('Luxembourg',633622,'right','Luxembourgish','UTC+1 (CET)','352','Chamber of Deputies',2586.4,'Europe','Euro ',0.916,0.23,32.3,66848000000,69453000000),('Macau',682800,'left','Chinese','UTC+08:00 (Macau Standard Time)','853','Legislative Assembly',115.3,'Asia','Macanese Pataca ',0.922,73.7,35,40000000000,26000000000),('Madagascar',28427328,'right','Malagasy','UTC+3 (EAT)','261','Parliament',587041,'Africa','Ariary ',0.528,NULL,42.6,45948000000,12734000000),('Malawi',19129952,'left','English','UTC+2 (CAT)','265','National Assembly',118484,'Africa','Malawian kwacha ',0.483,20.6,44.7,25037000000,7436000000),('Malaysia',32730000,'left','Malaysian','UTC+8 (MST)','60','Parliament',330803,'Asia','Ringgit ',0.81,0.3,41,900426000000,336330000000),('Maldives',557426,'left','Dhivehi','UTC+5 (Maldives Time)','960','People\'s Majlis',300,'Asia','Maldivian rufiyaa ',0.74,NULL,31.3,8972000000,4536000000),('Mali',20250833,'right','French','UTC (GMT)','223','National Assembly',1240190,'Africa','West African CFA franc ',0.434,1.6,33,44329000000,17407000000),('Malta',514564,'left','Maltese','UTC+1 (Central European Time)','356','Parliament of Malta',316,'Europe','Euro ',0.895,0.001,28,22802000000,15134000000),('Marshall Islands',58413,'right','Marshallese','UTC+12 (MHT)','692','Nitijela',181.43,'Oceania','United States dollar ',0.704,NULL,NULL,215000000,220000000),('Martinique',375053,NULL,NULL,'UTC−04:00 (ECT)',NULL,NULL,1128,'NorthAmerica',NULL,NULL,NULL,NULL,NULL,NULL),('Mauritania',4403313,'right','Arabic','UTC (GMT)','222','National Assembly',1030000,'Africa','Ouguiya ',0.546,0.03,32.6,18117000000,5200000000),('Mauritius',1265475,'left','de jure','UTC+4 (MUT)','230','National Assembly',2040,'Africa','Mauritian rupee ',0.804,0.07,36.8,31705000000,14812000000),('Mayotte',288926,NULL,NULL,'UTC+03:00 (EAT)',NULL,NULL,374,'Africa',NULL,NULL,NULL,NULL,NULL,NULL),('Mexico',126014024,'right','federal level','UTC−8 to −5 (See Time in Mexico)','52','Congress',1972550,'NorthAmerica','Mexican peso ',0.779,1.58,41.8,2715000000000,1322000000000),('Midway Atoll',40,NULL,NULL,'Samoa Time (UTC-11)',NULL,NULL,5,'Oceania',NULL,NULL,NULL,NULL,NULL,NULL),('Moldova',2597100,'right','Romanian','UTC+2 (EET)','373','Parliament',33843.5,'Europe','Moldovan leu ',0.75,1.4,25.7,36886000000000,12396000000000),('Monaco',38300,'right','French','UTC+1 (CET)','377','National Council',2.02,'Europe','Euro ',NULL,0,NULL,7672000000,7185000000),('Mongolia',3353470,'right','Mongolian','UTC+7/+8[12]','976','State Great Khural',1564120,'Asia','Tögrög ',0.737,NULL,32.7,47000000000,13700000000),('Montenegro',621873,'right','Montenegrin','UTC+1 (CET)','382','Skupština',13812,'Europe','Euro ',0.829,2.6,34.1,11994000000,4790000000),('Montserrat',4649,'left','English','UTC-4:00 (AST)','1664','Legislative Assembly',102,'NorthAmerica','East Caribbean dollar ',NULL,0,NULL,NULL,NULL),('Morocco',37112080,'right','Arabic','UTC+1[12]','212','Parliament',710850,'Africa','Moroccan dirham ',0.686,0.056,40.3,332358000000,122458000000),('Mozambique',30066648,'left','Portuguese','UTC+2 (CAT)','258','Assembly of the Republic',801590,'Africa','Metical ',0.456,2.2,45.7,41473000000,15372000000),('Myanmar',53582855,'right','Burmese','UTC+06:30 (MMT)','95','Assembly of the Union',676578,'Asia','Kyat ',0.583,3.06,30.7,258000000000,78000000000),('Namibia',2550226,'left','English','UTC+2 (CAST)','264','Parliament',825615,'Africa','Namibian dollar ',0.646,0,59.1,23855000000,10927000000),('Nauru',10670,'left','Nauruan','UTC+12[8]','674','Parliament',21,'Oceania','Australian dollar ',NULL,0.57,NULL,160000000,114000000),('Navassa Island',NULL,NULL,NULL,NULL,NULL,NULL,4.7,'NorthAmerica',NULL,NULL,NULL,NULL,NULL,NULL),('Nepal',28095714,'left','Nepali','UTC+05:45 (Nepal Standard Time)','977','Federal Parliament',147516,'Asia','Nepalese rupee ',0.602,2.8,32.8,122620000000,36084000000),('New Caledonia',271407,'right','French','UTC+11:00','687','Congress of New Caledonia',18576,'Oceania','CFP franc ',NULL,1.6,NULL,NULL,NULL),('New Zealand',5135660,'left','English','UTC+12 (NZST[n 5])','64','Parliament',268021,'Oceania','New Zealand dollar ',0.931,NULL,33.9,226566000000,243332000000),('Nicaragua',6486201,'right','Spanish','UTC−6 (CST)','505','National Assembly',130375,'NorthAmerica','Córdoba ',0.66,7.14,46.2,35757000000,13380000000),('Niger',24112753,'right','French','UTC+1 (WAT)','227','National Assembly',1267000,'Africa','West African CFA franc ',0.394,0.02,34,23475000000,9869000000),('Nigeria',211400708,'right','English','UTC+01:00 (WAT)','234','National Assembly',923769,'Africa','Naira ',0.539,1.4,35.1,1116000000000,514049000000),('Niue',1620,'left','English','UTC−11','683','Niue Assembly',261.46,'Oceania','New Zealand dollar[a] ',NULL,0,NULL,10000000,43536000),('Norfolk Island',1748,'left','English','UTC+11:00 (NFT)','672',NULL,34.6,'Oceania','Australian dollar ',NULL,0,NULL,NULL,NULL),('North Korea',25549604,'right','Korean','UTC+9 (Pyongyang Time[11])','850','Supreme People\'s Assembly',120540,'Asia','Korean People\'s won ',NULL,0.11,NULL,40000000000,30000000000),('North Macedonia',1832696,'right','Macedonian','UTC+1 (CET)','389','Assembly',25713,'Europe','Macedonian denar ',0.774,1.9,30.7,33822000000,12383000000),('Northern Cyprus',326000,'left','Turkish','UTC+2 (EET)','90392','Assembly of the Republic',3355,'Asia','Turkish lira ',NULL,2.7,NULL,NULL,4234000000),('Northern Mariana Islands',51659,'right','English','UTC+10:00 (ChST)','1670','Commonwealth Legislature',464,'Oceania','United States dollar ',NULL,0,NULL,1240000000,NULL),('Norway',5402171,'right','Norwegian','UTC+1 (CET)','47',NULL,385207,'Europe','Norwegian krone ',0.957,5.32,25.4,350000000000,366000000000),('Oman',4829473,'right','Arabic','UTC+4 (GST)','968','Council of Oman',309500,'Asia','Omani rial ',0.813,0,30.75,203959000000,62305000000),('Pakistan',225199937,'left','Urdu','UTC+05:00 (PKT)','92','Parliament',881913,'Asia','Pakistani rupee ',0.557,2.86,31.6,1110000000000,296000000000),('Palau',17907,'right','Palauan','UTC+9 (PWT)','680','Olbiil era Kelulau',459,'Oceania','United States dollar ',0.826,0,NULL,300000000,322000000),('Palmyra Atoll',0,NULL,NULL,'UTC−11 (Samoa Time Zone)',NULL,NULL,4.6,'Oceania','US dollar ',NULL,NULL,NULL,NULL,NULL),('Panama',4379039,'right','Spanish','UTC−5 (EST)','507','National Assembly',75417,'NorthAmerica','Balboa ',0.815,2.9,49.9,121749000000,73369000000),('Papua New Guinea',8935000,'left','English','UTC+10, +11 (AEST)','675','National Parliament',462840,'Oceania','Kina ',0.555,2,41.9,32382000000,21543000000),('Paraguay',7359000,'right','Spanish','UTC–4 (PYT)','595','Congress',406796,'SouthAmerica','Guaraní ',0.728,2.6,46.2,101075000000,44557000000),('Peru',34294231,'right','Spanish','UTC−5 (PET)','51','Congress of the Republic',1285220,'SouthAmerica','Sol ',0.777,0.41,41.5,385719000000,195761000000),('Philippines',109035343,'right','Filipino','UTC+08:00 (PST)','63','Congress',300000,'Asia','Philippine peso ',0.718,NULL,42.3,1000000000000,402638000000),('Pitcairn Islands',47,'left','Pitkern','UTC-08:00','64','Island Council',47,'Oceania','New Zealand dollar ',NULL,0,NULL,NULL,NULL),('Poland',38268000,'right','Polish','UTC+1 (CET)','48','Parliament',312696,'Europe','Złoty ',0.88,1.48,28.5,1412000000000,655000000000),('Portugal',10347892,'right','Portuguese','UTC (WET) UTC−1 (Atlantic/Azores)','351','Assembly of the Republic',92212,'Europe','Euro ',0.864,1.2,31.9,376100000000,251700000000),('Puerto Rico',3285874,'right','Spanish','UTC-04:00 (AST)','1','Legislative Assembly',9104,'NorthAmerica','United States dollar ',0.845,1.6,53.1,112273000000,100684000000),('Qatar',2795484,'right','Arabic','UTC+3 (AST)','974','Consultative Assembly',11581,'Asia','Qatari riyal ',0.848,0.8,41.1,357338000000,183807000000),('Republic of Artsakh',120000,'right','Armenian','UTC+4 (AMT)','37447','National Assembly',NULL,'Asia','Artsakh dramArmenian dram ',NULL,NULL,NULL,713000000,NULL),('Republic of Ireland',5011500,'left','Irish','UTC (GMT)','353','Oireachtas',70273,'Europe','Euro ',0.955,2,28.3,500000000000,477000000000),('Republic of the Congo',5244359,'right','French','UTC+1 (WAT)','242','Parliament',342000,'Africa','Central African CFA franc ',0.574,3.3,40.2,32516000000,11162000000),('Réunion',858450,NULL,NULL,'UTC+04:00 (RET)',NULL,NULL,2511,'Africa',NULL,NULL,NULL,NULL,NULL,NULL),('Romania',19186201,'right','Romanian','UTC+2 (EET)','40','Parliament',238397,'Europe','Romanian leu ',0.828,3,33.8,653903000000,289130000000),('Russia',146171015,'right','Russian','UTC+2 to +12','7','Federal Assembly',17098200,'Asia','Russian ruble ',0.824,NULL,37.5,4328000000000,1710000000000),('Rwanda',12374397,'right','Kinyarwanda','UTC+2 (CAT)','250','Parliament',26338,'Africa','Rwandan franc ',0.543,5.3,43.7,33455000000,11061000000),('Saba',1933,NULL,NULL,'UTC−4 (AST)','5994',NULL,NULL,'NorthAmerica','United States dollar ',NULL,NULL,NULL,NULL,NULL),('Sahrawi Arab Democratic Republic',612000,NULL,'Arabic','UTC',NULL,'Sahrawi National Council',266000,'Africa','de facto - Moroccan dirham ',NULL,NULL,NULL,NULL,NULL),('Saint Barthélemy',9961,'right','French','UTC-4:00 (AST)','590','Territorial Council',25,'NorthAmerica','Euro ',NULL,0,NULL,NULL,NULL),('Saint Helena, Ascension and Tristan da Cunha',5633,'left','English','UTC±00:00 (GMT)','290',NULL,394,'Africa','Saint Helena pound ',NULL,NULL,NULL,NULL,NULL),('Saint Kitts and Nevis',52441,'left','English','UTC-4 (AST)','1869','National Assembly',261,'NorthAmerica','East Caribbean dollar ',0.779,NULL,NULL,1758000000,1058000000),('Saint Lucia',184401,'left','English','UTC−4 (AST)','1758','Parliament',617,'NorthAmerica','East Caribbean dollar ',0.759,1.6,51.2,2480000000,1770000000),('Saint Pierre and Miquelon',5997,'right','French','UTC–03:00','508','Territorial Council',242,'NorthAmerica','Euro ',NULL,0,NULL,NULL,NULL),('Saint Vincent and the Grenadines',110211,'left','English','UTC-4 (AST)','1784','House of Assembly',389,'NorthAmerica','East Caribbean dollar ',0.738,0,NULL,1373000000,864000000),('Samoa',202506,'lefte','Samoan','UTC+13c (WST)','685','Legislative Assembly',2842,'Oceania','Tālā ',0.715,0.3,38.7,1188000000,881000000),('San Marino',33600,'right','Italian','UTC+01 (CET)','378','Grand and General Council',61.2,'Europe','Euro ',0.875,0,NULL,2090000000,1550000000),('São Tomé and Príncipe',211028,'right','Portuguese','UTC (GMT)','239','National Assembly',1001,'Africa','Dobra ',0.625,NULL,56.3,685000000,355000000),('Saudi Arabia',34218169,'right','Arabic','UTC+3 (AST)','966','none',2149690,'Asia','Saudi Riyal ',0.854,0.7,45.9,1924000000000,779289000000),('Senegal',15854323,'right','French','UTC (GMT)','221','National Assembly',196712,'Africa','West African CFA franc ',0.512,2.1,40.3,66438000000,28020000000),('Serbia',6871547,'right','Serbian','UTC+1 (CET)','381','National Assembly',88361,'Europe','Serbian dinar ',0.806,NULL,33.3,130600000000,52000000000),('Seychelles',98462,'left','English','UTC+4 (SCT)','248','National Assembly',459,'Africa','Seychellois rupee ',0.796,0,46.8,2919000000,1564000000),('Sierra Leone',8059155,'right','English','UTC (GMT)','232','Parliament ',71740,'Africa','Leone ',0.452,1.1,35.7,12177000000,3824000000),('Singapore',5453600,'left','English','UTC+8 (Singapore Standard Time)','65','Parliament',728.6,'Asia','Singapore dollar ',0.938,NULL,45.9,600063000000,374394000000),('Sint Eustatius',3138,NULL,NULL,'UTC−4 (AST)','5993',NULL,NULL,'NorthAmerica','United States dollar ',NULL,NULL,NULL,NULL,NULL),('Sint Maarten',41486,'right','Dutch','UTC-4:00 (AST)','1721','Parliament of Sint Maarten',34,'NorthAmerica','Netherlands Antillean guilder ',NULL,NULL,NULL,1436000000,NULL),('Slovakia',5464060,'right','Slovak','UTC+1 (CET)','421','National Council',49035,'Europe','Euro ',0.86,0.72,22.8,190277000000,117664000000),('Slovenia',2107126,'right','Slovene','UTC+1 (CET)','386','Parliament',20271,'Europe','Euro ',0.917,NULL,23.5,909000000000,609000000000),('Solomon Islands',652857,'left','English','UTC+11','677','National Parliament',28400,'Oceania','Solomon Islands dollar ',0.567,3.2,37.1,1479000000,1511000000),('Somalia',15893219,'right','Somali','UTC+3 (EAT)','252','Federal Parliament',637657,'Africa','Somali shilling ',NULL,NULL,NULL,NULL,NULL),('Somaliland',5700000,'right','Somali','UTC+3 (EAT)','252','Parliament',177000,'Africa','Somaliland shilling',NULL,NULL,NULL,2500000000,NULL),('South Africa',60142978,'left','English','UTC+2 (SAST)','27','Parliament',1221040,'Africa','South African rand ',0.709,0.38,63,862000000000,415000000000),('South Georgia and the South Sandwich Islands',NULL,'left','English','UTC−02:00','500',NULL,3903,'SouthAmerica','Falkland Islands pound ',NULL,NULL,NULL,NULL,NULL),('South Korea',51709098,'right','Korean','UTC+9 (Korea Standard Time)','82','National Assembly',100363,'Asia','Korean Republic won ',0.916,0.3,34.5,2436000000000,1806000000000),('South Ossetia',53532,'right','Ossetian','UTC+03:00 (MSK)','99534','Parliament',3900,'Asia','Russian ruble ',NULL,0,NULL,NULL,NULL),('South Sudan',12778250,'right',NULL,'UTC+2 (Central Africa Time)','211','Transitional National Legislature',644329,'Africa','South Sudanese pound ',0.433,NULL,44.1,18435000000,3194000000),('Spain',47450795,'right','Spanish','UTC⁠±0 to +1 (WET and CET)','34','Cortes Generales',505990,'Europe','Euro[f] ',0.904,0.89,33,1942000000000,1450000000000),('Sri Lanka',22156000,'left','Sinhala','UTC+5:30 (SLST)','94','Parliament',65610,'Asia','Sri Lankan rupee ',0.782,4.4,39.8,306997000000,84532000000),('State of Palestine',5159076,'right','Arabic','UTC+2 (Palestine Standard Time)','970','National Council',6020,'Asia','Egyptian pound ',0.708,NULL,33.7,26479000000,14616000000),('Sudan',44909353,'right','Arabic','UTC+2 (CAT)','249','Transitional Legislative Council',1886070,'Africa','Sudanese pound ',0.51,NULL,34.2,177678000000,33903000000),('Suriname',575990,'left','Dutch','UTC-3 (SRT)','597','National Assembly',163821,'SouthAmerica','Surinamese dollar ',0.738,1.1,NULL,9044000000,4110000000),('Svalbard',2939,'right','Norwegian','UTC+01:00 (CET)','47',NULL,61022,'Europe','Norwegian krone ',NULL,NULL,NULL,NULL,NULL),('Sweden',10402070,'right','Swedish','UTC+1 (CET)','46','Riksdag',450295,'Europe','Swedish krona ',0.945,8.37,26.9,563882000000,528929000000),('Switzerland',8570146,'right','German','UTC+1 (CET)','41','Federal Assembly',41285,'Europe','Swiss franc ',0.955,4.34,29.7,584000000000,749000000000),('Syria',17500657,'right','Arabic','UTC+2 (EET)','963','People\'s Council',185180,'Asia','Syrian pound ',0.567,1.1,55.8,50280000000,24600000000),('Taiwan',23451837,'right','Standard Chinese','UTC+8 (National Standard Time)','886','Legislative Yuan',36197,'Asia','New Taiwan dollar ',0.916,NULL,34.1,1403000000000,759104000000),('Tajikistan',9537645,'right','Tajik','UTC+5 (TJT)','992','Supreme Assembly',143100,'Asia','Somoni ',0.668,1.8,34,30547000000,7350000000),('Tanzania',61193226,'left','Swahili','UTC+3 (EAT)','255','National Assembly',947303,'Africa','Tanzanian shilling ',0.529,NULL,40.5,200144000000,65632000000),('Thailand',69950850,'left','Thai','UTC+7 (ICT)','66','National Assembly',513120,'Asia','Baht ',0.777,0.4,34.9,1340000000000,536841000000),('The Bahamas',385637,'left','English','UTC−5 (EST)','1242','Parliament',13878,'NorthAmerica','Bahamian dollar ',0.814,28,NULL,12612000000,12803000000),('The Gambia',2173999,'right',NULL,'UTC (GMT)','220','National Assembly',10689,'Africa','Dalasi ',0.496,11.5,35.9,5420000000,1810000000),('Togo',8608444,'right','French','UTC (GMT)','228','National Assembly',56785,'Africa','West African CFA franc ',0.515,4.2,43.1,14919000000,5592000000),('Tokelau',1499,'left','Tokelauan','UTC+13:00','690','General Fono',10,'Oceania','New Zealand dollar ',NULL,0,NULL,NULL,NULL),('Tonga',100651,'left','English','UTC+13','676','Legislative Assembly',748,'Oceania','Paʻanga ',0.725,4,37.6,655000000,493000000),('Transnistria',469000,NULL,'Russian','UTC+2 (EET)','373','Supreme Council',4163,'Europe','Transnistrian rubled ',NULL,2.35,NULL,NULL,NULL),('Trinidad and Tobago',1367558,'left','English','UTC-4 (AST)','1','Parliament',5131,'NorthAmerica','Trinidad and Tobago dollar ',0.796,0,39,45148000000,22438000000),('Tunisia',11708370,'right','Arabic','UTC+1 (CET)','216','Assembly of the Representatives of the People',163610,'Africa','Tunisian dinar ',0.74,5.04,35.8,159707000000,44192000000),('Turkey',83614362,'right','Turkish','UTC+3 (TRT)','90','Grand National Assembly',783356,'Asia','Turkish lira ',0.82,2.03,41.9,2749000000000,794530000000),('Turkmenistan',6031187,'right','Turkmen','UTC+05 (TMT)','993','National Council',491210,'Asia','Turkmenistan manat ',0.715,4.9,NULL,112659000000,42764000000),('Turks and Caicos Islands',42953,'left','English','UTC-05:00 (EST)','1649','House of Assembly',948,'NorthAmerica','United States dollar ',NULL,0,NULL,NULL,NULL),('Tuvalu',11646,'left','Tuvaluan','UTC+12','688','Parliament',26,'Oceania','Tuvaluan dollar Australian dollar  ',NULL,0,39.1,39000000,45000000),('Uganda',42729036,'left','English','UTC+3 (EAT)','256','Parliament',241038,'Africa','Ugandan shilling ',0.544,15.39,42,102659000000,30765000000),('Ukraine',41319838,'right','Ukrainian','UTC+2[10] (EET)','380','Verkhovna Rada',603628,'Europe','Hryvnia ',0.779,7,26.6,584000000000,184000000000),('United Arab Emirates',9890400,'right','Arabic','UTC+04:00 (United Arab Emirates Standard Time)','971','Federal National Council',83600,'Asia','UAE dirham ',0.89,0,32.5,NULL,NULL),('United Kingdom',67081000,'left','English','UTC (Greenwich Mean Time, WET)','44','Parliament',242495,'Europe','Pound sterling[f] ',0.932,1.51,36.6,3276000000000,3108000000000),('United States',331449281,'right','None at the federal level','UTC−4 to −12, +10, +11','1','Congress',3796740,'NorthAmerica','U.S. dollar ',0.926,NULL,48.5,22940000000000,22940000000000),('United States Virgin Islands',105870,'left','English','UTC−4:00 (AST)','1340','Legislature of the Virgin Islands',346.4,'NorthAmerica','United States dollar ',NULL,0,NULL,4580000000,NULL),('Uruguay',3518552,'right','Spanish','UTC−3 (UYT)','598','General Assembly',176215,'SouthAmerica','Uruguayan peso ',0.817,1.5,39.7,86562000000,62917000000),('Uzbekistan',35011180,'right','Uzbek','UTC+5 (UZT)','998','Oliy Majlis',448978,'Asia','Uzbek som ',0.72,4.9,36.7,275806000000,60490000000),('Vanuatu',307815,'right','Bislama','UTC+11 (VUT (Vanuatu Time))','678','Parliament',12189,'Oceania','Vatu ',0.609,NULL,37.6,820000000,957000000),('Vatican City',453,'right','Italian','UTC+1 (CET)','379','Pontifical Commission',0.49,'Europe','Euro ',NULL,NULL,NULL,NULL,NULL),('Venezuela',28887118,'right','Spanish','UTC−4 (VET)','58','National Assembly',916445,'SouthAmerica','Bolívar digital ',0.711,3.2,44.8,142416000000,44893000000),('Vietnam',96208984,'right',NULL,'UTC+07:00 (Vietnam Standard Time)','84','National Assembly',331699,'Asia','đồng ',0.704,6.38,35.7,1047320000000,340602000000),('Wake Island',0,NULL,NULL,'UTC+12 (Wake Island Time Zone)',NULL,NULL,5.35,'Oceania','U.S. dollar ',NULL,NULL,NULL,NULL,NULL),('Wallis and Futuna',11558,'right','French','UTC+12:00','681','Territorial Assembly',142.42,'Oceania','CFP franc ',NULL,0,NULL,NULL,188000000),('Yemen',30491000,'right','Arabic','UTC+3 (AST)','967','Parliament ',555000,'Asia','Yemeni rial ',0.47,0,36.7,73348000000,28524000000),('Zambia',17351708,'left',NULL,'UTC+2 (CAT)','260','National Assembly',752617,'Africa','Zambian kwacha ',0.584,1,57.1,75857000000,23946000000),('Zimbabwe',15092171,'left','Chewa','UTC+2 (CAT[12])','263','Parliament',390757,'Africa','Zimbabwean dollar',0.571,1,50.3,41031000000,22290000000);
/*!40000 ALTER TABLE `country` ENABLE KEYS */;
UNLOCK TABLES;

--
-- Table structure for table `president`
--

DROP TABLE IF EXISTS `president`;
/*!40101 SET @saved_cs_client     = @@character_set_client */;
/*!50503 SET character_set_client = utf8mb4 */;
CREATE TABLE `president` (
  `CountryName` varchar(50) NOT NULL,
  `PresidentName` varchar(30) DEFAULT NULL,
  `PresidentBOD` varchar(30) DEFAULT NULL,
  `Official_Assumption_Date` varchar(30) DEFAULT NULL,
  `PoliticalParty` varchar(70) DEFAULT NULL,
  PRIMARY KEY (`CountryName`),
  CONSTRAINT `president_ibfk_1` FOREIGN KEY (`CountryName`) REFERENCES `country` (`CountryName`) ON DELETE CASCADE ON UPDATE CASCADE
) ENGINE=InnoDB DEFAULT CHARSET=utf8mb4 COLLATE=utf8mb4_0900_ai_ci;
/*!40101 SET character_set_client = @saved_cs_client */;

--
-- Dumping data for table `president`
--

LOCK TABLES `president` WRITE;
/*!40000 ALTER TABLE `president` DISABLE KEYS */;
INSERT INTO `president` VALUES ('Abkhazia','Aslan Bzhania','1963-04-06','23 April 2020',NULL),('Afghanistan','Null',NULL,NULL,NULL),('Akrotiri and Dhekelia','Elizabeth II','1926-04-21',NULL,NULL),('Åland Islands','Null',NULL,NULL,NULL),('Albania','Ilir Meta','1969-03-24','24 July 2017','Independent'),('Algeria','Abdelmadjid Tebboune','1945-11-17','19 December 2019','National Liberation Front'),('American Samoa','Null',NULL,NULL,NULL),('Andorra','Null',NULL,NULL,NULL),('Angola','João Lourenço','1954-03-05','26 September 2017','People\'s Movement for the Liberation of Angola'),('Anguilla','Elizabeth II','1926-04-21',NULL,NULL),('Antigua and Barbuda','Elizabeth II','1926-04-21',NULL,NULL),('Argentina','Alberto Fernández','1959-04-02','10 December 2019','Justicialist Party'),('Armenia','Armen Sarkissian','1952-06-23','9 April 2018','Independent'),('Aruba','Willem-Alexander','1967-04-27',NULL,NULL),('Ashmore and Cartier Islands','Null',NULL,NULL,NULL),('Australia','Elizabeth II','1926-04-21',NULL,NULL),('Austria','Alexander Van der Bellen','1944-01-18','26 January 2017','Independent'),('Azerbaijan','Ilham Aliyev','1961-12-24','31 October 2003','New Azerbaijan Party'),('Bahrain','Null',NULL,NULL,NULL),('Bailiwick of Guernsey','Null',NULL,NULL,NULL),('Baker Island','Null',NULL,NULL,NULL),('Bangladesh','Abdul Hamid','1944-01-01','14 March 2013','Awami League'),('Barbados','Elizabeth II','1926-04-21',NULL,NULL),('Belarus','Alexander Lukashenko','1954-08-31','20 July 1994 ','Independent'),('Belgium','Philippe','1960-04-15',NULL,NULL),('Belize','Elizabeth II','1926-04-21',NULL,NULL),('Benin','Patrice Talon','1958-05-01','6 April 2016','Independent'),('Bermuda','Null',NULL,NULL,NULL),('Bhutan','Null',NULL,NULL,NULL),('Bolivia','Luis Arce','1963-09-28','8 November 2020','Movement for Socialism'),('Bonaire','Null',NULL,NULL,NULL),('Bosnia and Herzegovina','Null',NULL,NULL,NULL),('Botswana','Mokgweetsi Masisi','1962-07-21','1 April 2018','Botswana Democratic Party'),('Bouvet Island','Harald V','1937-02-21',NULL,NULL),('Brazil','Jair Bolsonaro','1955-03-21','1 January 2019','Independent'),('British Indian Ocean Territory','Elizabeth II','1926-04-21',NULL,NULL),('British Virgin Islands','Elizabeth II','1926-04-21',NULL,NULL),('Brunei','Null',NULL,NULL,NULL),('Bulgaria','Rumen Radev','1963-06-18','22 January 2017','Independent'),('Burkina Faso','Roch Marc Christian Kaboré','1957-04-25','29 December 2015','Organization for Popular Democracy – Labour Movement'),('Burundi','Évariste Ndayishimiye',NULL,'18 June 2020','CNDD–FDD'),('Cambodia','Norodom Sihamoni','1953-05-14',NULL,NULL),('Cameroon','Paul Biya','1933-02-13','6 November 1982','RDPC'),('Canada','Elizabeth II','1926-04-21',NULL,NULL),('Cape Verde','José Maria Neves','1960-03-28','9 November 2021','African Party for the Independence of Cape Verde'),('Cayman Islands','Elizabeth II','1926-04-21',NULL,NULL),('Central African Republic','Faustin-Archange Touadéra','1957-04-21','30 March 2016','United Hearts Movement'),('Chad','Null',NULL,NULL,NULL),('Chile','Sebastián Piñera','1949-12-01','11 March 2018','National Renewal'),('China','Xi Jinping','1953-06-15','15 November 2012','Chinese Communist Party'),('Christmas Island','Elizabeth II','1926-04-21',NULL,NULL),('Clipperton Island','Null',NULL,NULL,NULL),('Cocos (Keeling) Islands','Elizabeth II','1926-04-21',NULL,NULL),('Collectivity of Saint Martin','Null',NULL,NULL,NULL),('Colombia','Iván Duque Márquez','1976-08-01','7 August 2018','Democratic Center'),('Comoros','Azali Assoumani','1959-01-01','26 May 2019','Convention for the Renewal of the Comoros'),('Cook Islands','Elizabeth II','1926-04-21',NULL,NULL),('Coral Sea Islands','Null',NULL,NULL,NULL),('Costa Rica','Carlos Alvarado','1980-01-14','8 May 2018','Citizens\' Action Party'),('Croatia','Zoran Milanović','1966-10-30','19 February 2020','Independent'),('Cuba','Miguel Díaz-Canel','1960-04-20','19 April 2021','Communist'),('Curaçao','Willem-Alexander','1967-04-27',NULL,NULL),('Cyprus','Nicos Anastasiades','1946-09-27','28 February 2013','Centre Union'),('Czech Republic','President',NULL,NULL,NULL),('Democratic Republic of the Congo','Félix Tshisekedi','1963-06-13','24 January 2019','Union for Democracy and Social Progress'),('Denmark','Margrethe II','1940-04-16',NULL,NULL),('Djibouti','Ismaïl Omar Guelleh','1947-11-27','8 May 1999','People\'s Rally for Progress'),('Dominica','Charles Savarin','1943-10-02','2 October 2013','Labour Party'),('Dominican Republic','Luis Abinader','1967-07-12','16 August 2020','Modern Revolutionary Party'),('East Timor','Francisco Guterres','1954-09-07','20 May 2017','Fretilin'),('Ecuador','Guillermo Lasso','1955-11-16','24 May 2021','Creating Opportunities'),('Egypt','Abdel Fattah el-Sisi','1954-11-19','8 June 2014','Independent'),('El Salvador','Nayib Bukele','1981-07-24','1 June 2019','Nuevas Ideas'),('Equatorial Guinea','Teodoro Obiang Nguema Mbasogo','1942-06-05','3 August 1979','Democratic Party'),('Eritrea','Isaias Afwerki','1946-02-02','19 May 1993','People\'s Front for Democracy and Justice'),('Estonia','Alar Karis','1958-03-26','11 October 2021','Independent'),('Eswatini','Null',NULL,NULL,NULL),('Ethiopia','Sahle-Work Zewde','1950-02-21','25 October 2018','Independent'),('Falkland Islands','Elizabeth II','1926-04-21',NULL,NULL),('Faroe Islands','Margrethe II','1940-04-16',NULL,NULL),('Federated States of Micronesia','David Panuelo','1964-04-13','May 11, 2019',NULL),('Fiji','Wiliame Katonivere','1964-04-20','12 November 2021',NULL),('Finland','Sauli Niinistö','1948-08-24','1 March 2012','Independent'),('France','Emmanuel Macron','1977-12-21','14 May 2017','La République En Marche!'),('French Guiana','Null',NULL,NULL,NULL),('French Polynesia','Null',NULL,NULL,NULL),('French Southern and Antarctic Lands','Null',NULL,NULL,NULL),('Gabon','Ali Bongo Ondimba','1959-02-09','16 October 2009','PDG'),('Georgia (country)','Salome Zurabishvili','1952-03-18','16 December 2018','Way of Georgia'),('Germany','Frank-Walter Steinmeier','1956-01-05','19 March 2017','Social Democratic Party'),('Ghana','Nana Akufo-Addo','1944-03-29','7 January 2017','New Patriotic Party'),('Gibraltar','Elizabeth II','1926-04-21',NULL,NULL),('Greece','Katerina Sakellaropoulou','1956-05-30','13 March 2020','Independent'),('Greenland','Margrethe II','1940-04-16',NULL,NULL),('Grenada','Elizabeth II','1926-04-21',NULL,NULL),('Guadeloupe','Null',NULL,NULL,NULL),('Guam','Joe Biden','1942-11-20','January 20, 2021','Democratic'),('Guatemala','Null',NULL,NULL,NULL),('Guinea','Mamady Doumbouya',NULL,'1 October 2021',NULL),('Guinea-Bissau','Umaro Sissoco Embaló','1972-09-23','27 February 2020','Madem G15'),('Guyana','Irfaan Ali','1980-04-25','2 August 2020','People\'s Progressive Party/Civic'),('Haiti','Ariel Henry','1949-11-06','20 July 2021','Inite'),('Heard Island and McDonald Islands','Null',NULL,NULL,NULL),('Honduras','Juan Orlando Hernández','1968-10-28','27 January 2014','National Party'),('Hong Kong','Null',NULL,NULL,NULL),('Howland Island','Null',NULL,NULL,NULL),('Hungary','János Áder','1959-05-09','10 May 2012','Fidesz'),('Iceland','Guðni Th. Jóhannesson','1968-06-26','1 August 2016','Independent'),('India','Ram Nath Kovind','1945-10-01','25 July 2017','Bharatiya Janata Party'),('Indonesia','Joko Widodo','1961-06-21','20 October 2014','PDI-P'),('Iran','Ebrahim Raisi','1960-12-14','3 August 2021','Combatant Clergy Association'),('Iraq','Barham Salih','1960-09-12','2 October 2018','Patriotic Union of Kurdistan'),('Isle of Man','Null',NULL,NULL,NULL),('Israel','Isaac Herzog','1960-09-22','7 July 2021','Labor Party'),('Italy','Sergio Mattarella','1941-07-23','3 February 2015','Independent'),('Ivory Coast','Alassane Ouattara','1942-01-01','4 December 2010','Democratic Party'),('Jamaica','Elizabeth II','1926-04-21',NULL,NULL),('Jan Mayen','Null',NULL,NULL,NULL),('Japan','Null',NULL,NULL,NULL),('Jarvis Island','Null',NULL,NULL,NULL),('Jersey','Null',NULL,NULL,NULL),('Johnston Atoll','Null',NULL,NULL,NULL),('Jordan','Abdullah II','1962-01-30',NULL,NULL),('Kazakhstan','Kassym-Jomart Tokayev','1953-05-17','20 March 2019','Nur Otan'),('Kenya','Uhuru Kenyatta','1961-10-26','9 April 2013','Kenya African National Union'),('Kingdom of the Netherlands','Willem-Alexander','1967-04-27',NULL,NULL),('Kingman Reef','Null',NULL,NULL,NULL),('Kiribati','Taneti Maamau','1960-09-16','11 March 2016','Tobwaan Kiribati Party'),('Kosovo','Vjosa Osmani','1982-05-17','4 April 2021','Independent'),('Kuwait','Null',NULL,NULL,NULL),('Kyrgyzstan','Sadyr Japarov','1968-12-06','28 January 2021','Mekenchil'),('Laos','Thongloun Sisoulith','1945-11-10','15 January 2021','Lao People\'s Revolutionary Party'),('Latvia','Egils Levits','1955-06-30','8 July 2019','Latvian Way'),('Lebanon','Michel Aoun','1933-09-30','31 October 2016','Free Patriotic Movement'),('Lesotho','Letsie III','1963-07-17',NULL,NULL),('Liberia','George Weah','1966-10-01','22 January 2018','Congress for Democratic Change'),('Libya','Null',NULL,NULL,NULL),('Liechtenstein','Hans-Adam II','1945-02-14',NULL,NULL),('Lithuania','Gitanas Nausėda','1964-05-19','12 July 2019','Independent'),('Luxembourg','Henri','1955-04-16',NULL,NULL),('Macau','Null',NULL,NULL,NULL),('Madagascar','Andry Rajoelina','1974-05-30','19 January 2019','Young Malagasies Determined'),('Malawi','Lazarus Chakwera','1955-04-05','28 June 2020','Malawi Congress Party'),('Malaysia','Null',NULL,NULL,NULL),('Maldives','Ibrahim Mohamed Solih','1962-03-01','17 November 2018','Maldivian Democratic Party'),('Mali','Assimi Goïta',NULL,'24 May 2021',NULL),('Malta','George Vella','1942-04-24','4 April 2019','Labour'),('Marshall Islands','David Kabua',NULL,'13 January 2020','Independent'),('Martinique','Null',NULL,NULL,NULL),('Mauritania','Mohamed Ould Ghazouani','1956-12-04','1 August 2019','Union for the Republic'),('Mauritius','President',NULL,NULL,NULL),('Mayotte','Null',NULL,NULL,NULL),('Mexico','Andrés Manuel López Obrador','1953-11-13','1 December 2018','National Regeneration Movement'),('Midway Atoll','Null',NULL,NULL,NULL),('Moldova','Maia Sandu','1972-05-24','24 December 2020','Independent'),('Monaco','Prince Albert II','1958-03-14',NULL,NULL),('Mongolia','Ukhnaagiin Khürelsükh','1968-06-14','25 June 2021','Mongolian People\'s Party'),('Montenegro','Milo Đukanović','1962-02-15','20 May 2018','SKJ'),('Montserrat','Elizabeth II','1926-04-21',NULL,NULL),('Morocco','Null',NULL,NULL,NULL),('Mozambique','Filipe Nyusi','1959-02-12','15 January 2015','FRELIMO'),('Myanmar','Myint Swe','1951-05-24','1 February 2021','Union Solidarity and Development Party'),('Namibia','Hage Geingob','1941-08-03','21 March 2015','SWAPO'),('Nauru','Lionel Aingimea',NULL,'27 August 2019','Independent'),('Navassa Island','Null',NULL,NULL,NULL),('Nepal','Bidya Devi Bhandari','1961-06-19','29 October 2015','Independent'),('New Caledonia','Null',NULL,NULL,NULL),('New Zealand','Elizabeth II','1926-04-21',NULL,NULL),('Nicaragua','Daniel Ortega','1945-11-11','10 January 2007','FSLN'),('Niger','Mohamed Bazoum','1960-01-01','2 April 2021','Nigerien Party for Democracy and Socialism'),('Nigeria','Muhammadu Buhari','1942-12-17','30 May 2015','All Progressives Congress'),('Niue','Elizabeth II','1926-04-21',NULL,NULL),('Norfolk Island','Elizabeth II','1926-04-21',NULL,NULL),('North Korea','Null',NULL,NULL,NULL),('North Macedonia','Stevo Pendarovski','1963-04-03','12 May 2019',NULL),('Northern Cyprus','Ersin Tatar','1960-09-07','23 October 2020','UBP'),('Northern Mariana Islands','Null',NULL,NULL,NULL),('Norway','Harald V','1937-02-21',NULL,NULL),('Oman','Null',NULL,NULL,NULL),('Pakistan','Arif Alvi','1949-08-29','9 September 2018','Pakistan Tehreek-e-Insaf'),('Palau','Surangel Whipps Jr.','1968-08-09','21 January 2021','Independent'),('Palmyra Atoll','Null',NULL,NULL,NULL),('Panama','Laurentino Cortizo','1953-01-30','1 July 2019','Democratic Revolutionary Party'),('Papua New Guinea','Elizabeth II','1926-04-21',NULL,NULL),('Paraguay','Mario Abdo Benítez','1971-11-10','15 August 2018','Colorado Party'),('Peru','Pedro Castillo','1969-10-19','28 July 2021','Free Peru'),('Philippines','Rodrigo Duterte','1945-03-28','June 30, 2016','PDP–Laban'),('Pitcairn Islands','Null',NULL,NULL,NULL),('Poland','Andrzej Duda','1972-05-16','6 August 2015','Independent'),('Portugal','Marcelo Rebelo de Sousa','1948-12-12','9 March 2016','Independent'),('Puerto Rico','Joe Biden','1942-11-20','January 20, 2021','Democratic'),('Qatar','Null',NULL,NULL,NULL),('Republic of Artsakh','Arayik Harutyunyan','1973-12-14','21 May 2020','Free Motherland'),('Republic of Ireland','Michael D. Higgins','1941-04-18','11 November 2011','Independent'),('Republic of the Congo','Denis Sassou Nguesso','1943-11-23','25 October 1997','Congolese Party of Labour'),('Réunion','Null',NULL,NULL,NULL),('Romania','Klaus Iohannis','1959-06-13','21 December 2014','Independent politician'),('Russia','Vladimir Putin','1952-10-07','7 May 2012','Independent'),('Rwanda','Paul Kagame','1957-10-23','22 April 2000','Rwandan Patriotic Front'),('Saba','Null',NULL,NULL,NULL),('Sahrawi Arab Democratic Republic','Brahim Ghali','1949-09-16','12 July 2016','Movement for the Liberation of Saguia el Hamra and Wadi el Dhahab'),('Saint Barthélemy','Null',NULL,NULL,NULL),('Saint Helena, Ascension and Tristan da Cunha','Elizabeth II','1926-04-21',NULL,NULL),('Saint Kitts and Nevis','Elizabeth II','1926-04-21',NULL,NULL),('Saint Lucia','Elizabeth II','1926-04-21',NULL,NULL),('Saint Pierre and Miquelon','Null',NULL,NULL,NULL),('Saint Vincent and the Grenadines','Elizabeth II','1926-04-21',NULL,NULL),('Samoa','Null',NULL,NULL,NULL),('San Marino','Null',NULL,NULL,NULL),('São Tomé and Príncipe','Carlos Vila Nova',NULL,'2 October 2021','ADI'),('Saudi Arabia','Null',NULL,NULL,NULL),('Senegal','Macky Sall','1961-12-11','2 April 2012','Senegalese Democratic Party'),('Serbia','Aleksandar Vučić','1970-03-05','31 May 2017','SRS'),('Seychelles','Wavel Ramkalawan','1959-03-15','26 October 2020','Linyon Demokratik Seselwa'),('Sierra Leone','Julius Maada Bio','1964-05-12','4 April 2018','Sierra Leone People\'s Party'),('Singapore','Halimah Yacob','1954-08-23','14 September 2017','Independent'),('Sint Eustatius','Null',NULL,NULL,NULL),('Sint Maarten','Willem-Alexander','1967-04-27',NULL,NULL),('Slovakia','Zuzana Čaputová','1973-06-21','15 June 2019','Progressive Slovakia'),('Slovenia','Borut Pahor','1963-11-02','22 December 2012','SKJ'),('Solomon Islands','Elizabeth II','1926-04-21',NULL,NULL),('Somalia','Mohamed Abdullahi Mohamed','1962-03-11','16 February 2017','citation needed'),('Somaliland','Muse Bihi Abdi',NULL,'13 December 2017','Peace, Unity, and Development Party'),('South Africa','Cyril Ramaphosa','1952-11-17','15 February 2018','African National Congress'),('South Georgia and the South Sandwich Islands','Elizabeth II','1926-04-21',NULL,NULL),('South Korea','Moon Jae-in','1953-01-24','May 10, 2017','Democratic'),('South Ossetia','Anatoliy Bibilov','1970-01-13','21 April 2017','United Ossetia'),('South Sudan','Salva Kiir Mayardit','1951-09-13','9 July 2011','Sudan People\'s Liberation Movement'),('Spain','Felipe VI','1968-01-30',NULL,NULL),('Sri Lanka','Gotabaya Rajapaksa','1949-06-20','18 November 2019',NULL),('State of Palestine','Mahmoud Abbas','1935-11-15','15 January 20051','Fatah'),('Sudan','Null',NULL,NULL,NULL),('Suriname','Chan Santokhi','1959-02-03','16 July 2020','Progressive Reform Party'),('Svalbard','Harald V','1937-02-21',NULL,NULL),('Sweden','Carl XVI Gustaf','1946-04-30',NULL,NULL),('Switzerland','Guy Parmelin','1959-11-09','1 January 2021','Swiss People\'s Party'),('Syria','Bashar al-Assad','1965-09-11','17 July 2000','Syrian Ba\'ath Party'),('Taiwan','Tsai Ing-wen','1956-08-31','20 May 2016','Democratic Progressive'),('Tajikistan','Emomali Rahmon','1952-10-05','16 November 1994','People\'s Democratic Party'),('Tanzania','Samia Suluhu','1960-01-27','19 March 2021','Chama Cha Mapinduzi'),('Thailand','Vajiralongkorn','1952-07-28',NULL,NULL),('The Bahamas','Elizabeth II','1926-04-21',NULL,NULL),('The Gambia','Adama Barrow','1965-02-15','19 January 2017','National People\'s Party'),('Togo','Faure Gnassingbé','1966-06-06','4 May 2005','UNIR'),('Tokelau','Elizabeth II','1926-04-21',NULL,NULL),('Tonga','Tupou VI','1959-07-12',NULL,NULL),('Transnistria','Vadim Krasnoselsky','1970-04-14','16 December 2016','Renewal'),('Trinidad and Tobago','Paula-Mae Weekes','1958-12-23','19 March 2018','Independent'),('Tunisia','Kais Saied','1958-02-22','23 October 2019','Independent'),('Turkey','Recep Tayyip Erdoğan','1954-02-26','28 August 2014','Justice and Development Party'),('Turkmenistan','Gurbanguly Berdimuhamedow','1957-06-29','14 February 2007 ','Independent'),('Turks and Caicos Islands','Elizabeth II','1926-04-21',NULL,NULL),('Tuvalu','Elizabeth II','1926-04-21',NULL,NULL),('Uganda','Yoweri Museveni','1944-09-15','29 January 1986','National Resistance Movement'),('Ukraine','Volodymyr Zelensky','1978-01-25','20 May 2019','Independent'),('United Arab Emirates','Khalifa bin Zayed Al Nahyan','1948-09-07','3 November 2004',NULL),('United Kingdom','Elizabeth II','1926-04-21',NULL,NULL),('United States','Joe Biden','1942-11-20','January 20, 2021','Democratic'),('United States Virgin Islands','Null',NULL,NULL,NULL),('Uruguay','Luis Lacalle Pou','1973-08-11','1 March 2020','National Party'),('Uzbekistan','Shavkat Mirziyoyev','1957-07-24','14 December 2016','Liberal Democratic Party'),('Vanuatu','Cabinet',NULL,NULL,NULL),('Vatican City','Null',NULL,NULL,NULL),('Venezuela','Nicolás Maduro','1962-11-23','5 March 2013','United Socialist Party of Venezuela'),('Vietnam','Nguyễn Xuân Phúc','1954-07-20','5 April 2021','Communist Party of Vietnam'),('Wake Island','Null',NULL,NULL,NULL),('Wallis and Futuna','Null',NULL,NULL,NULL),('Yemen','Abdrabbuh Mansur Hadi','1945-09-01','27 February 2012','General People\'s Congress'),('Zambia','Hakainde Hichilema','1962-06-04','24 August 2021','United Party for National Development'),('Zimbabwe','Emmerson Mnangagwa','1942-09-15','24 November 2017','United National Independence Party');
/*!40000 ALTER TABLE `president` ENABLE KEYS */;
UNLOCK TABLES;

--
-- Table structure for table `user`
--

DROP TABLE IF EXISTS `user`;
/*!40101 SET @saved_cs_client     = @@character_set_client */;
/*!50503 SET character_set_client = utf8mb4 */;
CREATE TABLE `user` (
  `Username` varchar(50) NOT NULL,
  `Email_address` varchar(50) NOT NULL,
  `Gender` char(1) DEFAULT NULL,
  `UserBOD` date DEFAULT NULL,
  PRIMARY KEY (`Username`)
) ENGINE=InnoDB DEFAULT CHARSET=utf8mb4 COLLATE=utf8mb4_0900_ai_ci;
/*!40101 SET character_set_client = @saved_cs_client */;

--
-- Dumping data for table `user`
--

LOCK TABLES `user` WRITE;
/*!40000 ALTER TABLE `user` DISABLE KEYS */;
INSERT INTO `user` VALUES ('alanrodriguez','paulholmes@example.com','F','2005-05-08'),('alexterry','xlogan@example.org','F','1988-02-22'),('amandacarlson','bvasquez@example.org','M','2013-10-26'),('andrew72','harveypatricia@example.net','M','2009-02-27'),('angelablevins','harrisanthony@example.com','F','1990-04-05'),('bdean','rogercollins@example.net','F','1952-04-13'),('bondjessica','martinlyons@example.org','F','2013-06-18'),('brandon50','cjones@example.com','M','1966-02-14'),('brianhernandez','cferguson@example.net','F','2005-11-27'),('brownlisa','michaelcarrillo@example.com','M','1948-04-21'),('carrie97','matthew98@example.com','F','1917-03-01'),('charlesoliver','vasquezcassie@example.org','M','1990-11-01'),('christina59','david01@example.org','M','1929-06-09'),('christinacampbell','parkcolin@example.net','F','1998-05-18'),('christinahernandez','pjones@example.org','M','1908-07-08'),('christopher98','jjenkins@example.org','F','1952-08-02'),('christophermiller','brandi62@example.org','M','1959-07-26'),('chunt','katherine34@example.com','F','1954-10-02'),('cindyhayes','melinda57@example.net','F','1913-06-08'),('clarkstephanie','bwebb@example.com','F','1923-10-31'),('clopez','xzhang@example.com','F','2000-10-12'),('crosskevin','aweber@example.com','F','1909-09-14'),('cynthiaburgess','jessicarose@example.net','M','1923-11-30'),('daniel64','meghan70@example.net','M','1915-05-19'),('danielle83','victorglass@example.com','F','1973-10-17'),('deborah76','cody57@example.net','M','1973-08-08'),('deborahmartin','westchase@example.com','F','1990-01-22'),('dhill','xlivingston@example.org','M','1910-02-15'),('dsmith','jeremy34@example.org','M','1957-11-08'),('fdavid','zachary21@example.org','M','1990-09-28'),('fmaldonado','parkerdaniel@example.org','M','2002-07-10'),('fosterjennifer','cindy27@example.org','F','1940-06-04'),('frederickjimenez','klewis@example.com','M','1928-12-23'),('gflores','coopershawn@example.com','M','1945-10-25'),('gloverkarina','sandovalcrystal@example.net','M','1935-08-07'),('gsimon','ryan29@example.com','F','2018-12-12'),('gwilson','vasquezwayne@example.org','M','1973-03-07'),('hamiltonariel','beth43@example.net','F','1997-04-28'),('harveyalejandra','cookmiguel@example.net','M','2003-07-15'),('heidi39','xhines@example.org','F','1926-12-30'),('hhines','cartercarolyn@example.net','M','1983-11-17'),('hmoore','tammy13@example.com','F','1992-05-18'),('hoffmansean','walterjill@example.com','F','1954-10-13'),('hutchinsonethan','kcarroll@example.org','F','1950-03-04'),('iramirez','sandra69@example.com','M','1924-12-29'),('iyates','flemingjames@example.com','F','1935-12-26'),('jamie95','collinsjason@example.net','F','1994-03-23'),('jason20','bryanbridges@example.net','F','1907-07-08'),('jeremygriffin','kanebrittney@example.com','M','2000-11-23'),('jmartinez','patriciabennett@example.com','F','1938-10-29'),('john34','lisajackson@example.com','M','1921-07-16'),('johngould','swarren@example.org','M','1931-06-11'),('jonesapril','samanthabenitez@example.org','F','1993-09-20'),('jopennington','cheryl33@example.net','F','1951-08-05'),('judy50','bpotter@example.net','M','2003-09-14'),('kanderson','haynestony@example.net','F','1929-05-28'),('katrinawhite','julia23@example.com','M','1949-06-20'),('kelly70','mary98@example.net','M','1970-03-18'),('kelly83','walkeremma@example.org','F','2001-02-14'),('kim19','sevans@example.com','F','1976-05-18'),('knightamanda','kimberly91@example.org','F','2003-11-25'),('lauren16','izimmerman@example.org','F','2011-04-27'),('lcowan','vbrown@example.org','M','1978-05-26'),('lindsay42','carterantonio@example.net','M','1912-10-08'),('lisa92','matthewmurphy@example.net','M','2016-07-19'),('liugina','jnoble@example.net','F','1992-12-28'),('manningcandace','joyce33@example.org','M','2001-02-13'),('martinchristian','wsmith@example.net','F','2004-10-07'),('matthew29','mendozajared@example.org','F','2006-12-27'),('matthew94','xdavis@example.org','F','2002-12-27'),('melissahurst','susan15@example.com','F','1932-06-15'),('michael58','ucain@example.org','F','1976-11-28'),('michaelgriffith','aaronhutchinson@example.com','F','1963-04-21'),('morrishaley','wyattpam@example.com','F','1909-02-10'),('nicole54','jacobpatel@example.org','M','1936-02-05'),('osanchez','roger97@example.net','M','2009-06-24'),('ostephens','ehansen@example.com','F','1996-05-10'),('patriciakelly','christopherbowen@example.org','F','1981-08-13'),('phillipramirez','cynthia21@example.org','F','1988-08-02'),('pwillis','jennifer33@example.org','M','1985-03-20'),('rachelgonzalez','emily82@example.net','F','2017-04-09'),('randalltiffany','wilsonchristine@example.com','M','1911-01-18'),('robertroman','andrademarissa@example.com','F','1993-08-07'),('robinrobinson','johnsonstephanie@example.com','M','1928-08-20'),('sandravaughn','russellmarcus@example.com','F','2015-08-08'),('sherry66','aandrews@example.com','F','2019-02-05'),('sjohnson','uwilliams@example.net','F','1939-11-06'),('snydertammy','rsaunders@example.net','F','1944-08-01'),('stevenjohnson','oliviaalvarado@example.net','M','2012-05-25'),('tiffany86','wongtyler@example.net','F','1958-08-03'),('twilson','robert49@example.com','F','1976-06-19'),('vwalker','yhenson@example.org','F','1964-03-04'),('wanda43','omedina@example.net','M','1978-04-19'),('webstertony','flemingkathy@example.org','M','1979-07-17'),('wilsonjessica','krystalblankenship@example.com','F','1981-10-08'),('yewing','kentsteele@example.com','F','2003-04-21'),('ystevens','agraham@example.net','M','1991-09-02'),('zimmermanbrooke','isabelcortez@example.com','F','2014-01-13'),('zking','qanderson@example.net','M','1985-10-27'),('zmorris','fhenry@example.com','M','1988-10-19');
/*!40000 ALTER TABLE `user` ENABLE KEYS */;
UNLOCK TABLES;

--
-- Table structure for table `usercountriestravelled`
--

DROP TABLE IF EXISTS `usercountriestravelled`;
/*!40101 SET @saved_cs_client     = @@character_set_client */;
/*!50503 SET character_set_client = utf8mb4 */;
CREATE TABLE `usercountriestravelled` (
  `Username` varchar(50) NOT NULL,
  `CountryName` varchar(50) NOT NULL,
  `Travel_date` date NOT NULL,
  `Visit_rating` int DEFAULT NULL,
  `Textual_review` varchar(200) DEFAULT NULL,
  PRIMARY KEY (`Username`,`CountryName`,`Travel_date`),
  KEY `CountryName` (`CountryName`),
  CONSTRAINT `usercountriestravelled_ibfk_1` FOREIGN KEY (`Username`) REFERENCES `user` (`Username`) ON DELETE CASCADE ON UPDATE CASCADE,
  CONSTRAINT `usercountriestravelled_ibfk_2` FOREIGN KEY (`CountryName`) REFERENCES `country` (`CountryName`) ON DELETE CASCADE ON UPDATE CASCADE
) ENGINE=InnoDB DEFAULT CHARSET=utf8mb4 COLLATE=utf8mb4_0900_ai_ci;
/*!40101 SET character_set_client = @saved_cs_client */;

--
-- Dumping data for table `usercountriestravelled`
--

LOCK TABLES `usercountriestravelled` WRITE;
/*!40000 ALTER TABLE `usercountriestravelled` DISABLE KEYS */;
INSERT INTO `usercountriestravelled` VALUES ('alanrodriguez','Kazakhstan','1951-02-19',8,'Partner couple part cup few read consider little.'),('alexterry','Guam','1990-08-17',10,'Cell of course its respond himself.'),('amandacarlson','Greenland','1956-07-12',2,'Pretty Republican total policy head Mrs debate onto across.'),('andrew72','Lesotho','2014-12-23',4,'Question set discussion seven.'),('angelablevins','Israel','1971-01-25',7,'Why measure too maybe off question source serious.'),('bdean','Cape Verde','2001-01-25',3,'Around impact individual rock fly daughter fall likely.'),('bondjessica','Togo','1983-05-26',4,'Pm her then nothing increase I.'),('brandon50','Cameroon','2007-02-28',9,'Key baby interview senior stop always.'),('brianhernandez','Angola','1976-09-21',2,'Administration even relate head color international.'),('brownlisa','Central African Republic','1991-04-23',5,'Beautiful than seem sign third in approach recent program.'),('carrie97','Nigeria','1982-03-08',8,'Audience throw debate daughter purpose voice but.'),('charlesoliver','South Sudan','1995-04-26',6,'Or ball mouth film heavy.'),('christina59','Afghanistan','1996-04-10',3,'Walk loss cell three.'),('christinacampbell','Colombia','1971-11-01',0,'Surface amount day employee fire happen.'),('christinahernandez','Nauru','2015-11-17',3,'Value film tax rock few structure.'),('christopher98','Nigeria','1971-05-15',10,'Four smile responsibility full per among.'),('christophermiller','South Ossetia','1970-03-17',0,'Language ball floor meet usually board necessary religious natural.'),('chunt','Transnistria','1966-08-08',8,'Interview few same thus turn phone heart window.'),('cindyhayes','Kyrgyzstan','2005-09-19',5,'Factor head pick church recent high.'),('clarkstephanie','San Marino','1959-04-12',7,'Situation talk despite stage plant.'),('clopez','Comoros','1961-12-03',5,'Special good along letter learn.'),('crosskevin','Armenia','1968-07-28',0,'Feel serve large technology.'),('cynthiaburgess','Mauritania','2004-08-03',6,'Guess break about establish.'),('daniel64','Norway','1997-01-27',5,'Morning eat turn clear increase.'),('danielle83','Bouvet Island','1970-03-21',2,'Leg PM low data ability recognize peace.'),('deborah76','Central African Republic','2007-09-26',7,'Close ask reduce land.'),('deborahmartin','Antigua and Barbuda','2018-03-23',7,'Answer speak without leave brother bank better she.'),('dhill','Pakistan','1988-12-07',9,'Worker building this American either moment ok how bill.'),('dsmith','Indonesia','2014-07-02',7,'Nice federal place score design.'),('fdavid','South Sudan','2017-07-18',8,'Thing particular level place full.'),('fmaldonado','Wake Island','2009-06-02',7,'Lawyer effort little front amount apply glass face according.'),('fosterjennifer','Australia','1980-07-17',0,'Cause cause believe son would mouth relate own.'),('frederickjimenez','Guinea-Bissau','1974-08-10',0,'Likely improve notice meet.'),('gflores','Brunei','2007-12-12',2,'Technology over hour reduce.'),('gloverkarina','Liechtenstein','1995-10-27',1,'Possible reach challenge value challenge firm decade.'),('gsimon','Thailand','1993-11-06',1,'Policy daughter need kind miss artist truth trouble behavior.'),('gwilson','Guatemala','1997-11-14',6,'Study economy rock feeling might.'),('hamiltonariel','San Marino','1964-02-29',4,'News face turn small research describe base.'),('harveyalejandra','Belgium','1985-03-12',6,'Exist sense training other along society figure.'),('heidi39','Equatorial Guinea','1960-08-10',9,'Go Congress mean always beyond write.'),('hhines','Japan','1989-09-02',0,'Must cut father kid painting movie end discussion budget.'),('hmoore','Kyrgyzstan','1973-02-11',6,'Word face house nature fall.'),('hoffmansean','Sweden','2005-02-01',4,'Should it easy law view.'),('hutchinsonethan','Navassa Island','1970-10-23',7,'Source firm drug senior fact.'),('iramirez','Baker Island','2004-10-20',10,'Ball ever laugh society technology card minute practice get.'),('iyates','Italy','2017-03-20',3,'Nor point institution miss quickly.'),('jamie95','Kenya','1967-09-26',0,'Fast support when hold family second whatever work business.'),('jason20','Saint Barthélemy','1989-01-15',3,'Drive well good explain grow.'),('jeremygriffin','Midway Atoll','1993-03-15',5,'Home price check real leader bad school.'),('jmartinez','United Kingdom','1976-03-29',4,'Glass work interview man role somebody keep daughter.'),('john34','Democratic Republic of the Congo','1970-10-25',4,'Better available sure form nice government.'),('johngould','Grenada','2021-08-05',5,'Occur democratic behavior standard thousand single recognize information figure.'),('jonesapril','Burkina Faso','1966-04-03',10,'International not type very indeed.'),('jopennington','Russia','2020-12-10',5,'Teacher business population brother say grow push.'),('judy50','Saint Vincent and the Grenadines','1976-01-21',8,'Everybody newspaper read somebody land.'),('kanderson','Libya','2017-02-17',9,'Page a although for study anyone state wind indeed.'),('katrinawhite','Cape Verde','1958-09-18',9,'Suddenly garden economy others kind.'),('kelly70','Serbia','1978-06-21',4,'Natural explain before something first drug contain start almost.'),('kelly83','Burkina Faso','2005-02-03',2,'Ability management test during foot that course nothing draw.'),('kim19','North Korea','1964-08-16',0,'Sing after our car food record power crime.'),('knightamanda','Panama','1951-10-17',7,'Hard agency painting teacher cost both.'),('lauren16','Aruba','1997-09-10',4,'Candidate whom gun list fall view.'),('lcowan','Ecuador','1963-04-09',5,'Street break painting create wife responsibility look.'),('lindsay42','Morocco','1986-03-17',3,'Attorney quickly candidate change although bag record stop.'),('lisa92','Lithuania','1964-04-10',0,'Run eat expect save process.'),('liugina','Anguilla','1959-02-16',2,'Name per structure attorney.'),('manningcandace','Philippines','2014-12-27',2,'Thousand act money at term rather score.'),('martinchristian','Sint Eustatius','2003-03-31',6,'American whole magazine truth stop whose group.'),('matthew29','Samoa','2014-11-03',6,'Son might trip at.'),('matthew94','Belarus','2016-03-06',0,'Old case administration measure happen play.'),('melissahurst','Sweden','1962-08-23',2,'Space cup determine his.'),('michael58','Republic of Ireland','1986-06-22',6,'Significant his himself clearly very dream.'),('michaelgriffith','Switzerland','1990-03-29',4,'Mind off phone most improve play.'),('morrishaley','Chad','1968-10-28',4,'Hold increase practice ability court free.'),('nicole54','Trinidad and Tobago','1994-09-13',3,'Your play themselves myself use act relationship section.'),('osanchez','Tajikistan','1962-06-20',10,'Follow lay foot agreement and hard decide.'),('ostephens','Guinea','1961-03-16',0,'Town deal movement out stay lot social.'),('patriciakelly','Mongolia','1951-11-15',7,'Fear shoulder pick nation choose relationship.'),('phillipramirez','Zimbabwe','1961-01-25',9,'Top always effort ago.'),('pwillis','French Guiana','1991-07-16',8,'Board night loss front something speech buy.'),('rachelgonzalez','Guinea','1975-05-14',3,'Majority campaign that various floor itself.'),('randalltiffany','Tonga','1999-06-14',7,'Food break onto friend.'),('robertroman','Svalbard','1960-11-19',8,'Buy country store build.'),('robinrobinson','State of Palestine','2017-05-07',8,'Five present art feel seat appear perform agent.'),('sandravaughn','Nigeria','1962-03-05',1,'Would I question first degree.'),('sherry66','Andorra','1976-07-21',2,'Site know series lay.'),('sjohnson','Kuwait','1994-12-23',5,'Bad audience grow ahead girl act.'),('snydertammy','East Timor','1959-06-25',7,'Quite wife however TV law fund bill.'),('stevenjohnson','Belize','1977-12-12',3,'Grow rule stuff truth college pull.'),('tiffany86','Midway Atoll','1964-04-25',5,'Similar safe air land rather air try.'),('twilson','Jamaica','2003-03-03',8,'Lot the drive figure necessary across.'),('vwalker','Navassa Island','1954-07-28',3,'Later quality budget huge debate among way democratic.'),('wanda43','Georgia (country)','1970-09-25',1,'Cup her national character writer.'),('webstertony','Maldives','1957-08-04',6,'Almost plan that hair sea quality do.'),('wilsonjessica','Azerbaijan','1980-10-10',3,'One coach court boy state table.'),('yewing','Cameroon','2004-01-26',9,'Every speech support time operation wear often late.'),('ystevens','Baker Island','1968-10-12',10,'Federal indicate unit opportunity fear great easy.'),('zimmermanbrooke','Syria','2003-09-12',8,'Only surface something prevent a consider medical effort assume.'),('zking','Oman','1994-02-16',8,'Along chance either six success on responsibility.'),('zmorris','Zambia','1989-03-20',8,'Science top ask film force health.');
/*!40000 ALTER TABLE `usercountriestravelled` ENABLE KEYS */;
UNLOCK TABLES;
/*!40103 SET TIME_ZONE=@OLD_TIME_ZONE */;

/*!40101 SET SQL_MODE=@OLD_SQL_MODE */;
/*!40014 SET FOREIGN_KEY_CHECKS=@OLD_FOREIGN_KEY_CHECKS */;
/*!40014 SET UNIQUE_CHECKS=@OLD_UNIQUE_CHECKS */;
/*!40101 SET CHARACTER_SET_CLIENT=@OLD_CHARACTER_SET_CLIENT */;
/*!40101 SET CHARACTER_SET_RESULTS=@OLD_CHARACTER_SET_RESULTS */;
/*!40101 SET COLLATION_CONNECTION=@OLD_COLLATION_CONNECTION */;
/*!40111 SET SQL_NOTES=@OLD_SQL_NOTES */;

-- Dump completed on 2021-11-29  1:10:00
